/*******************************************************************************
 * Size: 20 px
 * Bpp: 8
 * Opts: --bpp 8 --size 20 --no-compress --stride 1 --align 1 --font Exo2-VariableFont_wght.ttf --range 32-255 --format lvgl -o exo2_20.c
 ******************************************************************************/

#ifdef __has_include
    #if __has_include("lvgl.h")
        #ifndef LV_LVGL_H_INCLUDE_SIMPLE
            #define LV_LVGL_H_INCLUDE_SIMPLE
        #endif
    #endif
#endif

#ifdef LV_LVGL_H_INCLUDE_SIMPLE
    #include "lvgl.h"
#else
    #include "lvgl/lvgl.h"
#endif



#ifndef EXO2_20
#define EXO2_20 1
#endif

#if EXO2_20

/*-----------------
 *    BITMAPS
 *----------------*/

/*Store the image of the glyphs*/
static LV_ATTRIBUTE_LARGE_CONST const uint8_t glyph_bitmap[] = {
    /* U+0020 " " */

    /* U+0021 "!" */
    0x20, 0xff, 0x94, 0x20, 0xff, 0x94, 0x20, 0xff,
    0x94, 0x20, 0xff, 0x94, 0x20, 0xff, 0x94, 0x20,
    0xff, 0x94, 0x1b, 0xff, 0x8f, 0xe, 0xff, 0x84,
    0x1, 0xfe, 0x78, 0x0, 0xa8, 0x4c, 0x0, 0x0,
    0x0, 0x0, 0x50, 0x21, 0x15, 0xff, 0x94, 0xc,
    0xf4, 0x7f,

    /* U+0022 "\"" */
    0x96, 0xc8, 0x0, 0xb5, 0xa4, 0x90, 0xc2, 0x0,
    0xad, 0x9f, 0x8a, 0xbb, 0x0, 0xa6, 0x99, 0x85,
    0xb5, 0x0, 0x9e, 0x94, 0x28, 0x37, 0x0, 0x2f,
    0x2d,

    /* U+0023 "#" */
    0x0, 0x0, 0x0, 0x0, 0x3b, 0xff, 0x21, 0x0,
    0x0, 0x36, 0xff, 0x25, 0x0, 0x0, 0x0, 0x0,
    0x0, 0x67, 0xf4, 0x1, 0x0, 0x0, 0x62, 0xf7,
    0x3, 0x0, 0x0, 0x0, 0x0, 0x0, 0x93, 0xc9,
    0x0, 0x0, 0x0, 0x8e, 0xce, 0x0, 0x0, 0x0,
    0x0, 0x0, 0x0, 0xbf, 0x9d, 0x0, 0x0, 0x0,
    0xb9, 0xa2, 0x0, 0x0, 0x0, 0x2a, 0xff, 0xff,
    0xff, 0xff, 0xff, 0xff, 0xff, 0xff, 0xff, 0xff,
    0xb2, 0x0, 0x7, 0x1c, 0x32, 0xff, 0x61, 0x1c,
    0x1c, 0x2d, 0xff, 0x67, 0x1c, 0x10, 0x0, 0x0,
    0x0, 0x43, 0xff, 0x19, 0x0, 0x0, 0x3d, 0xff,
    0x1f, 0x0, 0x0, 0x0, 0x0, 0x0, 0x6f, 0xed,
    0x0, 0x0, 0x0, 0x68, 0xf2, 0x1, 0x0, 0x0,
    0x0, 0x0, 0x0, 0x9b, 0xc1, 0x0, 0x0, 0x0,
    0x94, 0xc8, 0x0, 0x0, 0x0, 0x6, 0xee, 0xf4,
    0xff, 0xff, 0xf4, 0xf4, 0xf4, 0xff, 0xff, 0xf4,
    0xd1, 0x0, 0x4, 0x24, 0x24, 0xff, 0x8d, 0x24,
    0x24, 0x24, 0xff, 0x94, 0x24, 0x1a, 0x0, 0x0,
    0x0, 0x1f, 0xff, 0x3d, 0x0, 0x0, 0x17, 0xff,
    0x45, 0x0, 0x0, 0x0, 0x0, 0x0, 0x4b, 0xff,
    0x11, 0x0, 0x0, 0x43, 0xff, 0x19, 0x0, 0x0,
    0x0, 0x0, 0x0, 0x76, 0xe5, 0x0, 0x0, 0x0,
    0x6e, 0xed, 0x0, 0x0, 0x0, 0x0,

    /* U+0024 "$" */
    0x0, 0x0, 0x0, 0x0, 0x9, 0xdd, 0x0, 0x0,
    0x0, 0x0, 0x0, 0x0, 0x0, 0x0, 0x1e, 0xca,
    0x0, 0x0, 0x0, 0x0, 0x3, 0x81, 0xd6, 0xf4,
    0xff, 0xff, 0xe7, 0xc9, 0x76, 0x0, 0x79, 0xff,
    0xf0, 0xb4, 0xe9, 0xff, 0xa0, 0xa0, 0x63, 0x0,
    0xc5, 0xfe, 0x27, 0x0, 0x59, 0x90, 0x0, 0x0,
    0x0, 0x0, 0xd6, 0xf0, 0x0, 0x0, 0x6d, 0x7d,
    0x0, 0x0, 0x0, 0x0, 0xc1, 0xfd, 0xd, 0x0,
    0x81, 0x69, 0x0, 0x0, 0x0, 0x0, 0x7c, 0xff,
    0xaf, 0x30, 0x96, 0x56, 0x0, 0x0, 0x0, 0x0,
    0xa, 0xb1, 0xff, 0xff, 0xff, 0xec, 0x6a, 0x18,
    0x0, 0x0, 0x0, 0x0, 0x2d, 0x7c, 0xff, 0xff,
    0xff, 0xf7, 0x54, 0x0, 0x0, 0x0, 0x0, 0x0,
    0xe6, 0x9, 0x58, 0xf8, 0xe7, 0x5, 0x0, 0x0,
    0x0, 0x0, 0xe8, 0x0, 0x0, 0xa1, 0xff, 0x2c,
    0x0, 0x0, 0x0, 0xf, 0xda, 0x0, 0x0, 0x92,
    0xff, 0x3e, 0x0, 0x0, 0x0, 0x22, 0xc7, 0x0,
    0x2, 0xc9, 0xff, 0x27, 0x5b, 0xa0, 0xa0, 0xd6,
    0xff, 0xaa, 0xdc, 0xff, 0xd3, 0x0, 0x76, 0xe1,
    0xf9, 0xff, 0xff, 0xf8, 0xe1, 0xa2, 0x1e, 0x0,
    0x0, 0x0, 0x0, 0x5d, 0x8d, 0x0, 0x0, 0x0,
    0x0, 0x0, 0x0, 0x0, 0x0, 0x71, 0x7a, 0x0,
    0x0, 0x0, 0x0, 0x0, 0x0, 0x0, 0x0, 0x3f,
    0x36, 0x0, 0x0, 0x0, 0x0, 0x0,

    /* U+0025 "%" */
    0x0, 0x14, 0xab, 0xef, 0xf6, 0xc9, 0x3b, 0x0,
    0x0, 0x0, 0x0, 0x0, 0x8a, 0xa9, 0x0, 0x0,
    0x0, 0x0, 0xa5, 0xd5, 0x31, 0x21, 0xa3, 0xe8,
    0x8, 0x0, 0x0, 0x0, 0x31, 0xea, 0x17, 0x0,
    0x0, 0x0, 0x0, 0xee, 0x63, 0x0, 0x0, 0x1b,
    0xff, 0x3a, 0x0, 0x0, 0x3, 0xcc, 0x63, 0x0,
    0x0, 0x0, 0x0, 0x8, 0xff, 0x42, 0x0, 0x0,
    0x0, 0xfa, 0x53, 0x0, 0x0, 0x74, 0xbe, 0x0,
    0x0, 0x0, 0x0, 0x0, 0x9, 0xff, 0x40, 0x0,
    0x0, 0x0, 0xf9, 0x55, 0x0, 0x21, 0xec, 0x25,
    0x0, 0x0, 0x0, 0x0, 0x0, 0x0, 0xf3, 0x5a,
    0x0, 0x0, 0x13, 0xff, 0x3f, 0x0, 0xba, 0x78,
    0x0, 0x0, 0x0, 0x0, 0x0, 0x0, 0x0, 0xb2,
    0xc2, 0xe, 0x2, 0x85, 0xf1, 0xc, 0x5f, 0xd0,
    0x4, 0x42, 0xc2, 0xe8, 0xdb, 0x88, 0x5, 0x0,
    0x22, 0xcb, 0xfd, 0xf9, 0xe7, 0x52, 0x15, 0xe9,
    0x34, 0x16, 0xf4, 0x8b, 0x28, 0x49, 0xec, 0x77,
    0x0, 0x0, 0x0, 0x10, 0x17, 0x2, 0x0, 0xa5,
    0x8e, 0x0, 0x59, 0xf1, 0x3, 0x0, 0x0, 0x8c,
    0xc7, 0x0, 0x0, 0x0, 0x0, 0x0, 0x0, 0x48,
    0xdf, 0xb, 0x0, 0x74, 0xd6, 0x0, 0x0, 0x0,
    0x67, 0xe3, 0x0, 0x0, 0x0, 0x0, 0x0, 0xb,
    0xe0, 0x48, 0x0, 0x0, 0x75, 0xd3, 0x0, 0x0,
    0x0, 0x65, 0xe4, 0x0, 0x0, 0x0, 0x0, 0x0,
    0x90, 0xa4, 0x0, 0x0, 0x0, 0x5c, 0xe9, 0x0,
    0x0, 0x0, 0x7f, 0xca, 0x0, 0x0, 0x0, 0x0,
    0x35, 0xe9, 0x14, 0x0, 0x0, 0x0, 0x1b, 0xf8,
    0x53, 0x0, 0x12, 0xd9, 0x80, 0x0, 0x0, 0x0,
    0x4, 0xd1, 0x5d, 0x0, 0x0, 0x0, 0x0, 0x0,
    0x52, 0xd4, 0xe2, 0xe5, 0x9c, 0xa,

    /* U+0026 "&" */
    0x0, 0x21, 0xa1, 0xdc, 0xf4, 0xfd, 0xff, 0xfb,
    0xe6, 0x10, 0x0, 0x0, 0x0, 0x0, 0x3, 0xdd,
    0xff, 0xc1, 0x81, 0x70, 0x6c, 0x6c, 0x6b, 0x0,
    0x0, 0x0, 0x0, 0x0, 0x2f, 0xff, 0xbc, 0x0,
    0x0, 0x0, 0x0, 0x0, 0x0, 0x0, 0x0, 0x0,
    0x0, 0x0, 0x3e, 0xff, 0x8a, 0x0, 0x0, 0x0,
    0x0, 0x0, 0x0, 0x75, 0x48, 0x0, 0x0, 0x0,
    0x25, 0xff, 0x9c, 0x0, 0x0, 0x0, 0x0, 0x0,
    0x0, 0xf0, 0x8c, 0x0, 0x0, 0x0, 0x0, 0xc4,
    0xf3, 0x5a, 0x1e, 0x14, 0x14, 0x14, 0x15, 0xff,
    0xa0, 0x14, 0x14, 0x1, 0x0, 0x11, 0xa0, 0xfe,
    0xff, 0xff, 0xff, 0xff, 0xff, 0xff, 0xff, 0xff,
    0xff, 0xd, 0xa, 0xc4, 0xf3, 0x80, 0x4e, 0x44,
    0x44, 0x44, 0x54, 0xff, 0xd0, 0x44, 0x44, 0x3,
    0x61, 0xff, 0x6e, 0x0, 0x0, 0x0, 0x0, 0x0,
    0x10, 0xff, 0x8c, 0x0, 0x0, 0x0, 0x95, 0xff,
    0x38, 0x0, 0x0, 0x0, 0x0, 0x0, 0x10, 0xff,
    0x8c, 0x0, 0x0, 0x0, 0xa1, 0xff, 0x39, 0x0,
    0x0, 0x0, 0x0, 0x0, 0x16, 0xff, 0x8c, 0x0,
    0x0, 0x0, 0x87, 0xff, 0x7b, 0x0, 0x0, 0x0,
    0x0, 0x1f, 0xcb, 0xff, 0x99, 0x0, 0x0, 0x0,
    0x33, 0xfc, 0xfd, 0xb1, 0x8d, 0x96, 0xbd, 0xfa,
    0xaf, 0xed, 0xf5, 0x95, 0x88, 0x2e, 0x0, 0x4e,
    0xc5, 0xf1, 0xfc, 0xef, 0xc3, 0x63, 0x2, 0x49,
    0xda, 0xfb, 0xe8, 0x58,

    /* U+0027 "'" */
    0x96, 0xc8, 0x90, 0xc2, 0x8a, 0xbb, 0x85, 0xb5,
    0x28, 0x37,

    /* U+0028 "(" */
    0x0, 0x0, 0x0, 0x5, 0x6c, 0x58, 0x0, 0x0,
    0x1c, 0xcc, 0xb1, 0x18, 0x0, 0xf, 0xdb, 0xaa,
    0x2, 0x0, 0x0, 0x9a, 0xec, 0xf, 0x0, 0x0,
    0x18, 0xfa, 0x86, 0x0, 0x0, 0x0, 0x67, 0xff,
    0x35, 0x0, 0x0, 0x0, 0xa3, 0xf9, 0x5, 0x0,
    0x0, 0x0, 0xc9, 0xdc, 0x0, 0x0, 0x0, 0x0,
    0xdf, 0xc6, 0x0, 0x0, 0x0, 0x0, 0xe8, 0xbe,
    0x0, 0x0, 0x0, 0x0, 0xe4, 0xc5, 0x0, 0x0,
    0x0, 0x0, 0xd6, 0xd2, 0x0, 0x0, 0x0, 0x0,
    0xb6, 0xf1, 0x0, 0x0, 0x0, 0x0, 0x87, 0xff,
    0x1d, 0x0, 0x0, 0x0, 0x40, 0xff, 0x66, 0x0,
    0x0, 0x0, 0x1, 0xd7, 0xc8, 0x0, 0x0, 0x0,
    0x0, 0x47, 0xff, 0x5a, 0x0, 0x0, 0x0, 0x0,
    0x72, 0xf6, 0x44, 0x0, 0x0, 0x0, 0x0, 0x4d,
    0xe0, 0x5c, 0x0, 0x0, 0x0, 0x0, 0x5, 0x17,

    /* U+0029 ")" */
    0x35, 0x83, 0x10, 0x0, 0x0, 0x0, 0x0, 0xa,
    0x8d, 0xe3, 0x37, 0x0, 0x0, 0x0, 0x0, 0x0,
    0x7c, 0xf0, 0x2a, 0x0, 0x0, 0x0, 0x0, 0x1,
    0xcd, 0xc9, 0x0, 0x0, 0x0, 0x0, 0x0, 0x5a,
    0xff, 0x43, 0x0, 0x0, 0x0, 0x0, 0xd, 0xfc,
    0x97, 0x0, 0x0, 0x0, 0x0, 0x0, 0xd3, 0xd5,
    0x0, 0x0, 0x0, 0x0, 0x0, 0xb1, 0xf8, 0x2,
    0x0, 0x0, 0x0, 0x0, 0x9b, 0xff, 0x11, 0x0,
    0x0, 0x0, 0x0, 0x93, 0xff, 0x1c, 0x0, 0x0,
    0x0, 0x0, 0x9a, 0xff, 0x17, 0x0, 0x0, 0x0,
    0x0, 0xa6, 0xff, 0x9, 0x0, 0x0, 0x0, 0x0,
    0xc7, 0xe8, 0x0, 0x0, 0x0, 0x0, 0x1, 0xf0,
    0xb9, 0x0, 0x0, 0x0, 0x0, 0x3a, 0xff, 0x71,
    0x0, 0x0, 0x0, 0x0, 0x9a, 0xf6, 0x13, 0x0,
    0x0, 0x0, 0x2e, 0xfb, 0x76, 0x0, 0x0, 0x0,
    0x25, 0xe3, 0xa1, 0x2, 0x0, 0x0, 0x32, 0xe5,
    0x6f, 0x1, 0x0, 0x0, 0x0, 0xe, 0xf, 0x0,
    0x0, 0x0, 0x0, 0x0,

    /* U+002A "*" */
    0x0, 0x0, 0x0, 0xfa, 0x0, 0x0, 0x0, 0xd,
    0x0, 0x0, 0xe4, 0x0, 0x0, 0xd, 0xb9, 0xc6,
    0x57, 0xcd, 0x58, 0xc5, 0xc0, 0x0, 0x2b, 0x6c,
    0xea, 0x6b, 0x2f, 0x1, 0x0, 0xa, 0xcc, 0x59,
    0xc9, 0x8, 0x0, 0x0, 0x99, 0x84, 0x0, 0x87,
    0x94, 0x0, 0x0, 0x1f, 0x8, 0x0, 0x8, 0x21,
    0x0,

    /* U+002B "+" */
    0x0, 0x0, 0x0, 0x28, 0xff, 0x27, 0x0, 0x0,
    0x0, 0x0, 0x0, 0x0, 0x28, 0xff, 0x27, 0x0,
    0x0, 0x0, 0x0, 0x0, 0x0, 0x27, 0xff, 0x26,
    0x0, 0x0, 0x0, 0xa, 0xc, 0xc, 0x33, 0xff,
    0x32, 0xc, 0xc, 0xa, 0xe0, 0xff, 0xff, 0xff,
    0xff, 0xff, 0xff, 0xff, 0xe0, 0x34, 0x3c, 0x3c,
    0x62, 0xff, 0x61, 0x3c, 0x3c, 0x34, 0x0, 0x0,
    0x0, 0x25, 0xff, 0x24, 0x0, 0x0, 0x0, 0x0,
    0x0, 0x0, 0x25, 0xff, 0x24, 0x0, 0x0, 0x0,
    0x0, 0x0, 0x0, 0x12, 0x80, 0x12, 0x0, 0x0,
    0x0,

    /* U+002C "," */
    0x21, 0x54, 0x3, 0x9c, 0xff, 0x25, 0x8e, 0xff,
    0x25, 0x29, 0xff, 0x11, 0x39, 0xdd, 0x0, 0x25,
    0x57, 0x0,

    /* U+002D "-" */
    0x9, 0x10, 0x10, 0x10, 0x10, 0x10, 0x8, 0x90,
    0xff, 0xff, 0xff, 0xff, 0xff, 0x8c, 0x21, 0x3c,
    0x3c, 0x3c, 0x3c, 0x3c, 0x20,

    /* U+002E "." */
    0x26, 0x55, 0x5, 0xa1, 0xff, 0x31, 0x8c, 0xf9,
    0x23,

    /* U+002F "/" */
    0x0, 0x0, 0x0, 0x0, 0x0, 0x0, 0x0, 0x3,
    0xd7, 0x88, 0x0, 0x0, 0x0, 0x0, 0x0, 0x0,
    0x0, 0x62, 0xf0, 0x12, 0x0, 0x0, 0x0, 0x0,
    0x0, 0x0, 0x6, 0xe0, 0x7c, 0x0, 0x0, 0x0,
    0x0, 0x0, 0x0, 0x0, 0x6e, 0xea, 0xc, 0x0,
    0x0, 0x0, 0x0, 0x0, 0x0, 0xb, 0xe8, 0x70,
    0x0, 0x0, 0x0, 0x0, 0x0, 0x0, 0x0, 0x7a,
    0xe2, 0x7, 0x0, 0x0, 0x0, 0x0, 0x0, 0x0,
    0x10, 0xef, 0x64, 0x0, 0x0, 0x0, 0x0, 0x0,
    0x0, 0x0, 0x86, 0xd9, 0x4, 0x0, 0x0, 0x0,
    0x0, 0x0, 0x0, 0x17, 0xf4, 0x57, 0x0, 0x0,
    0x0, 0x0, 0x0, 0x0, 0x0, 0x93, 0xcf, 0x1,
    0x0, 0x0, 0x0, 0x0, 0x0, 0x0, 0x1f, 0xf9,
    0x4b, 0x0, 0x0, 0x0, 0x0, 0x0, 0x0, 0x0,
    0x9f, 0xc5, 0x0, 0x0, 0x0, 0x0, 0x0, 0x0,
    0x0, 0x28, 0xfc, 0x3f, 0x0, 0x0, 0x0, 0x0,
    0x0, 0x0, 0x0, 0xab, 0xb9, 0x0, 0x0, 0x0,
    0x0, 0x0, 0x0, 0x0, 0x32, 0xfd, 0x34, 0x0,
    0x0, 0x0, 0x0, 0x0, 0x0, 0x0,

    /* U+0030 "0" */
    0x0, 0x0, 0x60, 0xca, 0xf0, 0xf1, 0xcd, 0x67,
    0x0, 0x0, 0x0, 0x7c, 0xff, 0xe2, 0x97, 0x95,
    0xdf, 0xff, 0x8a, 0x0, 0x14, 0xf6, 0xd3, 0xc,
    0x0, 0x0, 0x9, 0xca, 0xfb, 0x1e, 0x5d, 0xff,
    0x5f, 0x0, 0x0, 0x0, 0x0, 0x52, 0xff, 0x6c,
    0x8d, 0xff, 0x26, 0x0, 0x0, 0x0, 0x0, 0x1a,
    0xff, 0x9c, 0xa5, 0xff, 0xc, 0x0, 0x0, 0x0,
    0x0, 0x2, 0xfc, 0xb4, 0xb2, 0xff, 0x3, 0x0,
    0x0, 0x0, 0x0, 0x0, 0xf4, 0xc1, 0xb2, 0xff,
    0x3, 0x0, 0x0, 0x0, 0x0, 0x0, 0xf4, 0xc0,
    0xa4, 0xff, 0xc, 0x0, 0x0, 0x0, 0x0, 0x2,
    0xfc, 0xb3, 0x8d, 0xff, 0x26, 0x0, 0x0, 0x0,
    0x0, 0x1a, 0xff, 0x9c, 0x5d, 0xff, 0x5f, 0x0,
    0x0, 0x0, 0x0, 0x52, 0xff, 0x6c, 0x14, 0xf6,
    0xd3, 0xd, 0x0, 0x0, 0x9, 0xca, 0xfb, 0x1e,
    0x0, 0x7e, 0xff, 0xe2, 0x99, 0x98, 0xdf, 0xff,
    0x8b, 0x0, 0x0, 0x0, 0x64, 0xcb, 0xf1, 0xf2,
    0xce, 0x6b, 0x1, 0x0,

    /* U+0031 "1" */
    0x0, 0xc, 0x67, 0xd0, 0xff, 0xb8, 0x59, 0xf2,
    0xff, 0xde, 0xfd, 0xb8, 0x47, 0x82, 0x30, 0x8,
    0xff, 0xb8, 0x0, 0x0, 0x0, 0xc, 0xff, 0xb8,
    0x0, 0x0, 0x0, 0xc, 0xff, 0xb8, 0x0, 0x0,
    0x0, 0xc, 0xff, 0xb8, 0x0, 0x0, 0x0, 0xc,
    0xff, 0xb8, 0x0, 0x0, 0x0, 0xc, 0xff, 0xb8,
    0x0, 0x0, 0x0, 0xc, 0xff, 0xb8, 0x0, 0x0,
    0x0, 0xc, 0xff, 0xb8, 0x0, 0x0, 0x0, 0xc,
    0xff, 0xb8, 0x0, 0x0, 0x0, 0xc, 0xff, 0xb8,
    0x0, 0x0, 0x0, 0xc, 0xff, 0xb8, 0x0, 0x0,
    0x0, 0xc, 0xff, 0xb8,

    /* U+0032 "2" */
    0x74, 0xcb, 0xef, 0xff, 0xfd, 0xf1, 0xcc, 0x69,
    0x0, 0x0, 0x8b, 0xa9, 0x92, 0x88, 0x8d, 0xa4,
    0xed, 0xff, 0x57, 0x0, 0x0, 0x0, 0x0, 0x0,
    0x0, 0x0, 0x40, 0xff, 0x99, 0x0, 0x0, 0x0,
    0x0, 0x0, 0x0, 0x0, 0x2e, 0xff, 0x93, 0x0,
    0x0, 0x0, 0x0, 0x0, 0x0, 0x0, 0x71, 0xff,
    0x69, 0x0, 0x0, 0x0, 0x0, 0x0, 0x0, 0x11,
    0xe6, 0xf2, 0x14, 0x0, 0x0, 0x0, 0x0, 0x0,
    0x1, 0xad, 0xff, 0x66, 0x0, 0x0, 0x0, 0x0,
    0x0, 0x0, 0x89, 0xff, 0x9b, 0x0, 0x0, 0x0,
    0x0, 0x0, 0x0, 0x6a, 0xff, 0xb5, 0x4, 0x0,
    0x0, 0x0, 0x0, 0x0, 0x50, 0xfd, 0xc8, 0xa,
    0x0, 0x0, 0x0, 0x0, 0x0, 0x39, 0xf6, 0xd8,
    0x13, 0x0, 0x0, 0x0, 0x0, 0x0, 0x26, 0xec,
    0xe6, 0x1f, 0x0, 0x0, 0x0, 0x0, 0x0, 0x0,
    0xca, 0xff, 0xca, 0xaf, 0xb0, 0xb0, 0xb0, 0xb0,
    0xb0, 0x1b, 0xe8, 0xff, 0xff, 0xff, 0xff, 0xff,
    0xff, 0xff, 0xff, 0x28,

    /* U+0033 "3" */
    0x79, 0xcd, 0xea, 0xf7, 0xfa, 0xea, 0xb7, 0x3c,
    0x0, 0x6f, 0xa8, 0xa0, 0xa0, 0xa5, 0xc6, 0xfe,
    0xf7, 0x1a, 0x0, 0x0, 0x0, 0x0, 0x0, 0x0,
    0x81, 0xff, 0x5b, 0x0, 0x0, 0x0, 0x0, 0x0,
    0x0, 0x4a, 0xff, 0x5f, 0x0, 0x0, 0x0, 0x0,
    0x0, 0x0, 0x67, 0xff, 0x3c, 0x0, 0x5, 0x18,
    0x18, 0x1c, 0x48, 0xde, 0xd2, 0x4, 0x0, 0x3c,
    0xff, 0xff, 0xff, 0xff, 0xd5, 0x26, 0x0, 0x0,
    0x10, 0x48, 0x48, 0x4c, 0x6e, 0xdf, 0xeb, 0x24,
    0x0, 0x0, 0x0, 0x0, 0x0, 0x0, 0x33, 0xff,
    0x91, 0x0, 0x0, 0x0, 0x0, 0x0, 0x0, 0x3,
    0xf9, 0xbe, 0x0, 0x0, 0x0, 0x0, 0x0, 0x0,
    0x7, 0xfd, 0xc1, 0x0, 0x0, 0x0, 0x0, 0x0,
    0x0, 0x6e, 0xff, 0x9c, 0xa6, 0xac, 0x9f, 0x9c,
    0xa3, 0xca, 0xff, 0xfc, 0x35, 0xa6, 0xcf, 0xe7,
    0xf5, 0xfb, 0xeb, 0xb7, 0x3f, 0x0,

    /* U+0034 "4" */
    0x0, 0x0, 0x0, 0x0, 0x62, 0xff, 0x5a, 0x0,
    0x0, 0x0, 0x0, 0x0, 0x0, 0x0, 0x0, 0x2,
    0xd9, 0xdc, 0x3, 0x0, 0x0, 0x0, 0x0, 0x0,
    0x0, 0x0, 0x0, 0x56, 0xff, 0x65, 0x0, 0x0,
    0x47, 0x3d, 0x0, 0x0, 0x0, 0x0, 0x0, 0xcf,
    0xe4, 0x6, 0x0, 0x0, 0xd6, 0xa4, 0x0, 0x0,
    0x0, 0x0, 0x4b, 0xff, 0x70, 0x0, 0x0, 0x0,
    0xf6, 0xa4, 0x0, 0x0, 0x0, 0x0, 0xc4, 0xeb,
    0xa, 0x0, 0x0, 0x4, 0xff, 0xa4, 0x0, 0x0,
    0x0, 0x40, 0xff, 0x7b, 0x0, 0x0, 0x0, 0x4,
    0xff, 0xa4, 0x0, 0x0, 0x0, 0xba, 0xf0, 0xf,
    0x0, 0x0, 0x0, 0x4, 0xff, 0xa4, 0x0, 0x0,
    0x20, 0xff, 0xc8, 0x22, 0x20, 0x20, 0x20, 0x24,
    0xff, 0xc4, 0x20, 0xd, 0x12, 0xf1, 0xff, 0xff,
    0xff, 0xff, 0xff, 0xff, 0xff, 0xff, 0xff, 0x6c,
    0x0, 0x1d, 0x4e, 0x50, 0x50, 0x50, 0x50, 0x54,
    0xff, 0xf1, 0x3a, 0x11, 0x0, 0x0, 0x0, 0x0,
    0x0, 0x0, 0x0, 0x4, 0xff, 0xa4, 0x0, 0x0,
    0x0, 0x0, 0x0, 0x0, 0x0, 0x0, 0x0, 0x4,
    0xff, 0xa4, 0x0, 0x0, 0x0, 0x0, 0x0, 0x0,
    0x0, 0x0, 0x0, 0x4, 0xff, 0xa4, 0x0, 0x0,

    /* U+0035 "5" */
    0x20, 0xff, 0xff, 0xff, 0xff, 0xff, 0xff, 0xff,
    0x2c, 0x2e, 0xff, 0xa9, 0x84, 0x84, 0x84, 0x84,
    0x84, 0x12, 0x3c, 0xff, 0x42, 0x0, 0x0, 0x0,
    0x0, 0x0, 0x0, 0x4a, 0xff, 0x36, 0x0, 0x0,
    0x0, 0x0, 0x0, 0x0, 0x58, 0xff, 0x29, 0x0,
    0x0, 0x0, 0x0, 0x0, 0x0, 0x65, 0xff, 0xc0,
    0xa4, 0x87, 0x59, 0x12, 0x0, 0x0, 0x30, 0xc0,
    0xc6, 0xce, 0xe7, 0xff, 0xf8, 0x6b, 0x0, 0x0,
    0x0, 0x0, 0x0, 0x0, 0x25, 0xc8, 0xff, 0x32,
    0x0, 0x0, 0x0, 0x0, 0x0, 0x0, 0x3d, 0xff,
    0x7c, 0x0, 0x0, 0x0, 0x0, 0x0, 0x0, 0x25,
    0xff, 0x92, 0x0, 0x0, 0x0, 0x0, 0x0, 0x0,
    0x48, 0xff, 0x80, 0x0, 0x0, 0x0, 0x0, 0x0,
    0x1, 0xa3, 0xff, 0x55, 0xb8, 0xbe, 0xa0, 0x92,
    0x9d, 0xd6, 0xff, 0xd1, 0x6, 0x8a, 0xc3, 0xe7,
    0xf7, 0xf9, 0xdf, 0x93, 0x13, 0x0,

    /* U+0036 "6" */
    0x0, 0x0, 0x5d, 0xc2, 0xed, 0xfc, 0xff, 0xef,
    0x52, 0x0, 0x0, 0x79, 0xff, 0xe2, 0x94, 0x7b,
    0x78, 0x7a, 0x2b, 0x0, 0xf, 0xf7, 0xd9, 0xe,
    0x0, 0x0, 0x0, 0x0, 0x0, 0x0, 0x57, 0xff,
    0x6d, 0x0, 0x0, 0x0, 0x0, 0x0, 0x0, 0x0,
    0x82, 0xff, 0x38, 0x0, 0x7, 0x17, 0x7, 0x0,
    0x0, 0x0, 0x9d, 0xff, 0x43, 0xb7, 0xfb, 0xff,
    0xff, 0xc6, 0x2c, 0x0, 0xa8, 0xff, 0xfa, 0xa4,
    0x60, 0x55, 0x93, 0xfd, 0xd9, 0x1, 0xae, 0xff,
    0x49, 0x0, 0x0, 0x0, 0x0, 0xa1, 0xff, 0x2b,
    0xa8, 0xff, 0x14, 0x0, 0x0, 0x0, 0x0, 0x66,
    0xff, 0x4a, 0x9a, 0xff, 0x1f, 0x0, 0x0, 0x0,
    0x0, 0x5b, 0xff, 0x52, 0x7d, 0xff, 0x3d, 0x0,
    0x0, 0x0, 0x0, 0x6d, 0xff, 0x3d, 0x43, 0xff,
    0x98, 0x0, 0x0, 0x0, 0x1, 0xb9, 0xff, 0x1a,
    0x2, 0xcf, 0xff, 0xbf, 0x88, 0x8b, 0xc7, 0xff,
    0xad, 0x0, 0x0, 0x18, 0x9c, 0xe1, 0xf9, 0xf8,
    0xdb, 0x8a, 0xa, 0x0,

    /* U+0037 "7" */
    0x32, 0xff, 0xff, 0xff, 0xff, 0xff, 0xff, 0xff,
    0xfa, 0x64, 0x14, 0x84, 0x84, 0x84, 0x84, 0x84,
    0x84, 0xb2, 0xff, 0x68, 0x0, 0x0, 0x0, 0x0,
    0x0, 0x0, 0x0, 0xaa, 0xfc, 0x17, 0x0, 0x0,
    0x0, 0x0, 0x0, 0x0, 0xc, 0xf6, 0xbd, 0x0,
    0x0, 0x0, 0x0, 0x0, 0x0, 0x0, 0x59, 0xff,
    0x67, 0x0, 0x0, 0x0, 0x0, 0x0, 0x0, 0x0,
    0xb0, 0xfc, 0x15, 0x0, 0x0, 0x0, 0x0, 0x0,
    0x0, 0xe, 0xf8, 0xba, 0x0, 0x0, 0x0, 0x0,
    0x0, 0x0, 0x0, 0x5d, 0xff, 0x64, 0x0, 0x0,
    0x0, 0x0, 0x0, 0x0, 0x0, 0xb4, 0xfb, 0x13,
    0x0, 0x0, 0x0, 0x0, 0x0, 0x0, 0x10, 0xf9,
    0xb8, 0x0, 0x0, 0x0, 0x0, 0x0, 0x0, 0x0,
    0x61, 0xff, 0x61, 0x0, 0x0, 0x0, 0x0, 0x0,
    0x0, 0x0, 0xb8, 0xfa, 0x11, 0x0, 0x0, 0x0,
    0x0, 0x0, 0x0, 0x13, 0xfb, 0xb5, 0x0, 0x0,
    0x0, 0x0, 0x0, 0x0, 0x0, 0x65, 0xff, 0x5f,
    0x0, 0x0, 0x0, 0x0,

    /* U+0038 "8" */
    0x0, 0x23, 0xa3, 0xe1, 0xf9, 0xfa, 0xe6, 0xb0,
    0x35, 0x0, 0x6, 0xe1, 0xfa, 0xa1, 0x74, 0x71,
    0x92, 0xf0, 0xf3, 0x19, 0x31, 0xff, 0x81, 0x0,
    0x0, 0x0, 0x0, 0x56, 0xff, 0x54, 0x48, 0xff,
    0x51, 0x0, 0x0, 0x0, 0x0, 0x29, 0xff, 0x6b,
    0x31, 0xff, 0x63, 0x0, 0x0, 0x0, 0x0, 0x39,
    0xff, 0x52, 0x5, 0xde, 0xd8, 0x48, 0x22, 0x20,
    0x3b, 0xbc, 0xf1, 0x14, 0x0, 0x29, 0xd5, 0xff,
    0xff, 0xff, 0xff, 0xe5, 0x41, 0x0, 0xf, 0xdc,
    0xe6, 0x7b, 0x53, 0x4f, 0x69, 0xd1, 0xee, 0x23,
    0x68, 0xff, 0x47, 0x0, 0x0, 0x0, 0x0, 0x28,
    0xff, 0x8c, 0x93, 0xff, 0x11, 0x0, 0x0, 0x0,
    0x0, 0x0, 0xf2, 0xb7, 0x9a, 0xff, 0x16, 0x0,
    0x0, 0x0, 0x0, 0x0, 0xf6, 0xbe, 0x7d, 0xff,
    0x60, 0x0, 0x0, 0x0, 0x0, 0x3f, 0xff, 0xa2,
    0x26, 0xf6, 0xfb, 0xb2, 0x8f, 0x8d, 0xa8, 0xf5,
    0xff, 0x47, 0x0, 0x37, 0xaf, 0xe5, 0xf8, 0xf9,
    0xea, 0xbc, 0x51, 0x0,

    /* U+0039 "9" */
    0x0, 0x31, 0xae, 0xe8, 0xfa, 0xef, 0xc1, 0x50,
    0x0, 0x0, 0x26, 0xf6, 0xf4, 0xa2, 0x85, 0x9b,
    0xed, 0xfe, 0x44, 0x0, 0x98, 0xff, 0x40, 0x0,
    0x0, 0x0, 0x29, 0xfe, 0xaf, 0x0, 0xcf, 0xe3,
    0x0, 0x0, 0x0, 0x0, 0x0, 0xd2, 0xe1, 0x0,
    0xe2, 0xcc, 0x0, 0x0, 0x0, 0x0, 0x0, 0xb5,
    0xfa, 0x0, 0xda, 0xd3, 0x0, 0x0, 0x0, 0x0,
    0x0, 0xa9, 0xff, 0x8, 0xb4, 0xf7, 0xe, 0x0,
    0x0, 0x0, 0x3, 0xff, 0xff, 0xd, 0x5b, 0xff,
    0xb3, 0x33, 0x21, 0x4f, 0xca, 0xff, 0xff, 0x9,
    0x1, 0x90, 0xfc, 0xff, 0xff, 0xfa, 0x8d, 0xb7,
    0xfe, 0x1, 0x0, 0x0, 0x17, 0x3d, 0x34, 0xf,
    0x0, 0xd0, 0xe6, 0x0, 0x0, 0x0, 0x0, 0x0,
    0x0, 0x0, 0xd, 0xfa, 0xbd, 0x0, 0x0, 0x0,
    0x0, 0x0, 0x0, 0x0, 0x8a, 0xff, 0x73, 0x0,
    0x13, 0x85, 0x80, 0x80, 0x8e, 0xc9, 0xff, 0xdf,
    0xc, 0x0, 0x2b, 0xe4, 0xfd, 0xff, 0xf6, 0xda,
    0x97, 0x19, 0x0, 0x0,

    /* U+003A ":" */
    0x87, 0xf9, 0x27, 0x9c, 0xff, 0x35, 0x24, 0x55,
    0x6, 0x0, 0x0, 0x0, 0x0, 0x0, 0x0, 0x0,
    0x0, 0x0, 0x24, 0x55, 0x6, 0x9c, 0xff, 0x35,
    0x87, 0xf9, 0x27,

    /* U+003B ";" */
    0x73, 0xfb, 0x39, 0x88, 0xff, 0x49, 0x1d, 0x57,
    0xb, 0x0, 0x0, 0x0, 0x0, 0x0, 0x0, 0x0,
    0x0, 0x0, 0x19, 0x56, 0x9, 0x80, 0xff, 0x41,
    0x73, 0xff, 0x41, 0x11, 0xff, 0x2d, 0x20, 0xf2,
    0x4, 0x18, 0x64, 0x0,

    /* U+003C "<" */
    0x0, 0x0, 0x0, 0x0, 0x0, 0x0, 0x0, 0x1,
    0x4, 0x0, 0x0, 0x0, 0x0, 0x0, 0xc, 0x6a,
    0xd7, 0x30, 0x0, 0x0, 0x0, 0x23, 0x8f, 0xf0,
    0xe8, 0x83, 0xc, 0x0, 0x45, 0xb3, 0xfd, 0xc8,
    0x5c, 0x6, 0x0, 0x0, 0xcc, 0xf8, 0xa1, 0x34,
    0x0, 0x0, 0x0, 0x0, 0x0, 0xd8, 0xf1, 0x92,
    0x29, 0x0, 0x0, 0x0, 0x0, 0x0, 0x4, 0x53,
    0xbf, 0xfe, 0xbe, 0x54, 0x4, 0x0, 0x0, 0x0,
    0x0, 0x0, 0x2b, 0x97, 0xf3, 0xe5, 0x80, 0xc,
    0x0, 0x0, 0x0, 0x0, 0x0, 0xe, 0x6e, 0xd8,
    0x30, 0x0, 0x0, 0x0, 0x0, 0x0, 0x0, 0x0,
    0x1, 0x4,

    /* U+003D "=" */
    0x4, 0x8, 0x8, 0x8, 0x8, 0x8, 0x8, 0x8,
    0x8, 0x1, 0x84, 0xff, 0xff, 0xff, 0xff, 0xff,
    0xff, 0xff, 0xff, 0x3c, 0x1c, 0x38, 0x38, 0x38,
    0x38, 0x38, 0x38, 0x38, 0x38, 0xd, 0x0, 0x0,
    0x0, 0x0, 0x0, 0x0, 0x0, 0x0, 0x0, 0x0,
    0x6, 0xc, 0xc, 0xc, 0xc, 0xc, 0xc, 0xc,
    0xc, 0x2, 0x84, 0xff, 0xff, 0xff, 0xff, 0xff,
    0xff, 0xff, 0xff, 0x3c, 0x1e, 0x3c, 0x3c, 0x3c,
    0x3c, 0x3c, 0x3c, 0x3c, 0x3c, 0xe,

    /* U+003E ">" */
    0x5, 0x0, 0x0, 0x0, 0x0, 0x0, 0x0, 0x0,
    0x0, 0x90, 0xad, 0x3f, 0x0, 0x0, 0x0, 0x0,
    0x0, 0x0, 0x32, 0xad, 0xfc, 0xd1, 0x64, 0x9,
    0x0, 0x0, 0x0, 0x0, 0x0, 0x1d, 0x86, 0xea,
    0xec, 0x88, 0x1e, 0x0, 0x0, 0x0, 0x0, 0x0,
    0x7, 0x5f, 0xcb, 0xfc, 0x6c, 0x0, 0x0, 0x0,
    0x0, 0x4, 0x52, 0xbc, 0xfe, 0x74, 0x0, 0x0,
    0x19, 0x7e, 0xe4, 0xf2, 0x95, 0x29, 0x0, 0x32,
    0xaa, 0xfa, 0xd7, 0x6d, 0xd, 0x0, 0x0, 0x0,
    0x90, 0xb0, 0x44, 0x0, 0x0, 0x0, 0x0, 0x0,
    0x0, 0x5, 0x0, 0x0, 0x0, 0x0, 0x0, 0x0,
    0x0, 0x0,

    /* U+003F "?" */
    0x1d, 0xc0, 0xe9, 0xfc, 0xff, 0xfb, 0xe4, 0x9f,
    0x1b, 0x0, 0x12, 0x8a, 0x76, 0x6c, 0x6c, 0x7d,
    0xbf, 0xff, 0xd6, 0x2, 0x0, 0x0, 0x0, 0x0,
    0x0, 0x0, 0x0, 0xc2, 0xff, 0x2c, 0x0, 0x0,
    0x0, 0x0, 0x0, 0x0, 0x0, 0x9b, 0xff, 0x2e,
    0x0, 0x0, 0x0, 0x0, 0x0, 0x0, 0x12, 0xe7,
    0xda, 0x2, 0x0, 0x0, 0x0, 0x0, 0x0, 0x6,
    0xbf, 0xf5, 0x31, 0x0, 0x0, 0x0, 0x0, 0x0,
    0x0, 0xa4, 0xf8, 0x43, 0x0, 0x0, 0x0, 0x0,
    0x0, 0x0, 0x48, 0xff, 0x6d, 0x0, 0x0, 0x0,
    0x0, 0x0, 0x0, 0x0, 0xb4, 0xdb, 0x0, 0x0,
    0x0, 0x0, 0x0, 0x0, 0x0, 0x0, 0xad, 0x86,
    0x0, 0x0, 0x0, 0x0, 0x0, 0x0, 0x0, 0x0,
    0x0, 0x0, 0x0, 0x0, 0x0, 0x0, 0x0, 0x0,
    0x0, 0x0, 0x46, 0x2e, 0x0, 0x0, 0x0, 0x0,
    0x0, 0x0, 0x0, 0x0, 0xf9, 0xb5, 0x0, 0x0,
    0x0, 0x0, 0x0, 0x0, 0x0, 0x0, 0xe5, 0xa1,
    0x0, 0x0, 0x0, 0x0,

    /* U+0040 "@" */
    0x0, 0x0, 0x0, 0x0, 0xf, 0x18, 0x1b, 0x1c,
    0x1b, 0xa, 0x0, 0x0, 0x0, 0x31, 0xba, 0xf5,
    0xff, 0xff, 0xff, 0xff, 0xff, 0xff, 0xcd, 0x2a,
    0x9, 0xe8, 0xf9, 0x8e, 0x5b, 0x50, 0x4c, 0x4c,
    0x4d, 0x6b, 0xf2, 0xbc, 0x45, 0xff, 0x81, 0x0,
    0x0, 0x0, 0x0, 0x0, 0x0, 0x0, 0xb3, 0xe6,
    0x6a, 0xff, 0x40, 0x0, 0x60, 0xda, 0xf3, 0xf4,
    0xf4, 0xf4, 0xfc, 0xec, 0x78, 0xff, 0x2a, 0xb,
    0xfb, 0xc0, 0x2d, 0x24, 0x24, 0x24, 0xbb, 0xec,
    0x7e, 0xff, 0x22, 0x1f, 0xff, 0x7e, 0x0, 0x0,
    0x0, 0x0, 0xbd, 0xec, 0x7e, 0xff, 0x21, 0xd,
    0xfb, 0xba, 0xd, 0x16, 0x52, 0xbf, 0xf1, 0xec,
    0x78, 0xff, 0x27, 0x0, 0x68, 0xf9, 0xff, 0xff,
    0xce, 0x5d, 0x70, 0xec, 0x68, 0xff, 0x3b, 0x0,
    0x0, 0x6, 0x26, 0xd, 0x0, 0x0, 0x11, 0x2c,
    0x43, 0xff, 0x73, 0x0, 0x0, 0x0, 0x0, 0x0,
    0x0, 0x0, 0x0, 0x0, 0x7, 0xe9, 0xf0, 0x69,
    0x32, 0x21, 0x1c, 0x1c, 0x1c, 0x1c, 0x1c, 0x18,
    0x0, 0x38, 0xd1, 0xff, 0xff, 0xff, 0xff, 0xff,
    0xff, 0xff, 0xff, 0xdc, 0x0, 0x0, 0x0, 0x14,
    0x33, 0x41, 0x46, 0x48, 0x48, 0x48, 0x48, 0x3d,

    /* U+0041 "A" */
    0x0, 0x0, 0x0, 0x0, 0x50, 0xfc, 0xff, 0xbb,
    0x0, 0x0, 0x0, 0x0, 0x0, 0x0, 0x0, 0x0,
    0x0, 0xb2, 0xe7, 0xa0, 0xff, 0x21, 0x0, 0x0,
    0x0, 0x0, 0x0, 0x0, 0x0, 0xd, 0xf8, 0x98,
    0x28, 0xff, 0x75, 0x0, 0x0, 0x0, 0x0, 0x0,
    0x0, 0x0, 0x5a, 0xff, 0x48, 0x0, 0xd8, 0xc9,
    0x0, 0x0, 0x0, 0x0, 0x0, 0x0, 0x0, 0xae,
    0xf1, 0x6, 0x0, 0x89, 0xff, 0x1e, 0x0, 0x0,
    0x0, 0x0, 0x0, 0xb, 0xf6, 0xa8, 0x0, 0x0,
    0x39, 0xff, 0x71, 0x0, 0x0, 0x0, 0x0, 0x0,
    0x56, 0xff, 0x59, 0x0, 0x0, 0x1, 0xe7, 0xc5,
    0x0, 0x0, 0x0, 0x0, 0x0, 0xaa, 0xfa, 0xf,
    0x0, 0x0, 0x0, 0x9a, 0xfe, 0x1a, 0x0, 0x0,
    0x0, 0x9, 0xff, 0xff, 0xff, 0xff, 0xff, 0xff,
    0xff, 0xff, 0x6d, 0x0, 0x0, 0x0, 0x52, 0xff,
    0xee, 0x84, 0x84, 0x84, 0x84, 0x8b, 0xff, 0xc1,
    0x0, 0x0, 0x0, 0xa6, 0xfe, 0x1b, 0x0, 0x0,
    0x0, 0x0, 0x0, 0xab, 0xfd, 0x17, 0x0, 0x7,
    0xf2, 0xca, 0x0, 0x0, 0x0, 0x0, 0x0, 0x0,
    0x5b, 0xff, 0x69, 0x0, 0x4e, 0xff, 0x7b, 0x0,
    0x0, 0x0, 0x0, 0x0, 0x0, 0x10, 0xfb, 0xbd,
    0x0, 0xa2, 0xff, 0x2b, 0x0, 0x0, 0x0, 0x0,
    0x0, 0x0, 0x0, 0xbc, 0xfc, 0x15,

    /* U+0042 "B" */
    0x6c, 0xff, 0xff, 0xff, 0xff, 0xfb, 0xed, 0xc5,
    0x65, 0x0, 0x0, 0x49, 0xff, 0xf0, 0x7c, 0x7c,
    0x80, 0x97, 0xe7, 0xff, 0x60, 0x0, 0x44, 0xff,
    0x74, 0x0, 0x0, 0x0, 0x0, 0x20, 0xfd, 0xb5,
    0x0, 0x44, 0xff, 0x74, 0x0, 0x0, 0x0, 0x0,
    0x0, 0xe6, 0xc9, 0x0, 0x44, 0xff, 0x74, 0x0,
    0x0, 0x0, 0x0, 0x4, 0xf4, 0xb0, 0x0, 0x44,
    0xff, 0x88, 0x14, 0x14, 0x16, 0x29, 0x95, 0xfe,
    0x4e, 0x0, 0x44, 0xff, 0xff, 0xff, 0xff, 0xff,
    0xff, 0xe2, 0x54, 0x0, 0x0, 0x44, 0xff, 0xb8,
    0x44, 0x44, 0x46, 0x5b, 0xb1, 0xfc, 0x5d, 0x0,
    0x44, 0xff, 0x74, 0x0, 0x0, 0x0, 0x0, 0x1,
    0xcf, 0xea, 0x5, 0x44, 0xff, 0x74, 0x0, 0x0,
    0x0, 0x0, 0x0, 0x96, 0xff, 0x25, 0x44, 0xff,
    0x74, 0x0, 0x0, 0x0, 0x0, 0x0, 0x94, 0xff,
    0x35, 0x44, 0xff, 0x74, 0x0, 0x0, 0x0, 0x0,
    0x3, 0xd0, 0xff, 0x1e, 0x48, 0xff, 0xf0, 0x7c,
    0x7c, 0x7d, 0x8b, 0xcc, 0xff, 0xc9, 0x0, 0x6c,
    0xff, 0xff, 0xff, 0xff, 0xff, 0xf7, 0xe0, 0x9f,
    0x1a, 0x0,

    /* U+0043 "C" */
    0x0, 0x0, 0x49, 0xb2, 0xe4, 0xfa, 0xff, 0xf6,
    0xd7, 0x3f, 0x0, 0x6e, 0xff, 0xf8, 0xaf, 0x8d,
    0x88, 0x8d, 0x9e, 0x2e, 0x17, 0xf5, 0xed, 0x29,
    0x0, 0x0, 0x0, 0x0, 0x0, 0x0, 0x6c, 0xff,
    0x84, 0x0, 0x0, 0x0, 0x0, 0x0, 0x0, 0x0,
    0x9d, 0xff, 0x45, 0x0, 0x0, 0x0, 0x0, 0x0,
    0x0, 0x0, 0xb9, 0xff, 0x25, 0x0, 0x0, 0x0,
    0x0, 0x0, 0x0, 0x0, 0xc5, 0xff, 0x19, 0x0,
    0x0, 0x0, 0x0, 0x0, 0x0, 0x0, 0xc5, 0xff,
    0x19, 0x0, 0x0, 0x0, 0x0, 0x0, 0x0, 0x0,
    0xb9, 0xff, 0x25, 0x0, 0x0, 0x0, 0x0, 0x0,
    0x0, 0x0, 0x9d, 0xff, 0x47, 0x0, 0x0, 0x0,
    0x0, 0x0, 0x0, 0x0, 0x6c, 0xff, 0x88, 0x0,
    0x0, 0x0, 0x0, 0x0, 0x0, 0x0, 0x17, 0xf5,
    0xf0, 0x31, 0x0, 0x0, 0x0, 0x0, 0x0, 0x0,
    0x0, 0x6e, 0xff, 0xfc, 0xbd, 0x9d, 0x98, 0x98,
    0xaa, 0x69, 0x0, 0x0, 0x49, 0xb3, 0xe5, 0xfa,
    0xfb, 0xec, 0xc7, 0x66,

    /* U+0044 "D" */
    0x54, 0xff, 0xff, 0xff, 0xff, 0xfe, 0xf1, 0xcc,
    0x78, 0x9, 0x0, 0x0, 0x44, 0xff, 0xff, 0x80,
    0x80, 0x81, 0x98, 0xe3, 0xff, 0xbf, 0x2, 0x0,
    0x44, 0xff, 0x80, 0x0, 0x0, 0x0, 0x0, 0x8,
    0xc1, 0xff, 0x5a, 0x0, 0x44, 0xff, 0x80, 0x0,
    0x0, 0x0, 0x0, 0x0, 0x3c, 0xff, 0xae, 0x0,
    0x44, 0xff, 0x80, 0x0, 0x0, 0x0, 0x0, 0x0,
    0x4, 0xf9, 0xde, 0x0, 0x44, 0xff, 0x80, 0x0,
    0x0, 0x0, 0x0, 0x0, 0x0, 0xdd, 0xfb, 0x0,
    0x44, 0xff, 0x80, 0x0, 0x0, 0x0, 0x0, 0x0,
    0x0, 0xd1, 0xff, 0x6, 0x44, 0xff, 0x80, 0x0,
    0x0, 0x0, 0x0, 0x0, 0x0, 0xd2, 0xff, 0x6,
    0x44, 0xff, 0x80, 0x0, 0x0, 0x0, 0x0, 0x0,
    0x0, 0xdd, 0xfb, 0x0, 0x44, 0xff, 0x80, 0x0,
    0x0, 0x0, 0x0, 0x0, 0x4, 0xf9, 0xde, 0x0,
    0x44, 0xff, 0x80, 0x0, 0x0, 0x0, 0x0, 0x0,
    0x3e, 0xff, 0xae, 0x0, 0x44, 0xff, 0x80, 0x0,
    0x0, 0x0, 0x0, 0xa, 0xc5, 0xff, 0x58, 0x0,
    0x44, 0xff, 0xff, 0x8c, 0x8c, 0x8d, 0xa3, 0xe9,
    0xff, 0xbc, 0x2, 0x0, 0x55, 0xff, 0xff, 0xff,
    0xff, 0xff, 0xf2, 0xcc, 0x78, 0x8, 0x0, 0x0,

    /* U+0045 "E" */
    0x0, 0x64, 0xdf, 0xfe, 0xff, 0xff, 0xff, 0xff,
    0xff, 0x2c, 0x2a, 0xfe, 0xdd, 0x76, 0x70, 0x70,
    0x70, 0x70, 0x70, 0xf, 0x5b, 0xff, 0x6a, 0x0,
    0x0, 0x0, 0x0, 0x0, 0x0, 0x0, 0x60, 0xff,
    0x60, 0x0, 0x0, 0x0, 0x0, 0x0, 0x0, 0x0,
    0x60, 0xff, 0x60, 0x0, 0x0, 0x0, 0x0, 0x0,
    0x0, 0x0, 0x60, 0xff, 0x7c, 0x1c, 0x1c, 0x1c,
    0x1c, 0x1c, 0x9, 0x0, 0x64, 0xff, 0xff, 0xff,
    0xff, 0xff, 0xff, 0xff, 0x58, 0x0, 0x61, 0xff,
    0xac, 0x4c, 0x4c, 0x4c, 0x4c, 0x4c, 0x1a, 0x0,
    0x60, 0xff, 0x60, 0x0, 0x0, 0x0, 0x0, 0x0,
    0x0, 0x0, 0x60, 0xff, 0x60, 0x0, 0x0, 0x0,
    0x0, 0x0, 0x0, 0x0, 0x60, 0xff, 0x60, 0x0,
    0x0, 0x0, 0x0, 0x0, 0x0, 0x0, 0x5b, 0xff,
    0x6a, 0x0, 0x0, 0x0, 0x0, 0x0, 0x0, 0x0,
    0x29, 0xfd, 0xdb, 0x72, 0x6c, 0x6c, 0x6c, 0x6c,
    0x6c, 0xe, 0x0, 0x64, 0xe0, 0xfe, 0xff, 0xff,
    0xff, 0xff, 0xff, 0x2c,

    /* U+0046 "F" */
    0x0, 0x56, 0xda, 0xfd, 0xff, 0xff, 0xff, 0xfc,
    0xef, 0xa, 0x19, 0xf9, 0xeb, 0x81, 0x74, 0x74,
    0x74, 0x74, 0x73, 0x0, 0x46, 0xff, 0x80, 0x0,
    0x0, 0x0, 0x0, 0x0, 0x0, 0x0, 0x4c, 0xff,
    0x74, 0x0, 0x0, 0x0, 0x0, 0x0, 0x0, 0x0,
    0x4c, 0xff, 0x74, 0x0, 0x0, 0x0, 0x0, 0x0,
    0x0, 0x0, 0x4c, 0xff, 0x90, 0x1c, 0x1c, 0x1c,
    0x1c, 0x1c, 0x6, 0x0, 0x4c, 0xff, 0xff, 0xff,
    0xff, 0xff, 0xff, 0xff, 0x38, 0x0, 0x4c, 0xff,
    0xc0, 0x4c, 0x4c, 0x4c, 0x4c, 0x4c, 0x10, 0x0,
    0x4c, 0xff, 0x74, 0x0, 0x0, 0x0, 0x0, 0x0,
    0x0, 0x0, 0x4c, 0xff, 0x74, 0x0, 0x0, 0x0,
    0x0, 0x0, 0x0, 0x0, 0x4c, 0xff, 0x74, 0x0,
    0x0, 0x0, 0x0, 0x0, 0x0, 0x0, 0x4c, 0xff,
    0x74, 0x0, 0x0, 0x0, 0x0, 0x0, 0x0, 0x0,
    0x4c, 0xff, 0x74, 0x0, 0x0, 0x0, 0x0, 0x0,
    0x0, 0x0, 0x4c, 0xff, 0x74, 0x0, 0x0, 0x0,
    0x0, 0x0, 0x0, 0x0,

    /* U+0047 "G" */
    0x0, 0x0, 0x42, 0xa7, 0xe0, 0xf5, 0xff, 0xfb,
    0xe7, 0x94, 0x0, 0x0, 0x6c, 0xfe, 0xfd, 0xc4,
    0xa3, 0x9c, 0x9c, 0x9f, 0x7a, 0x0, 0x19, 0xf5,
    0xf1, 0x31, 0x0, 0x0, 0x0, 0x0, 0x0, 0x0,
    0x0, 0x6c, 0xff, 0x88, 0x0, 0x0, 0x0, 0x0,
    0x0, 0x0, 0x0, 0x0, 0x9c, 0xff, 0x46, 0x0,
    0x0, 0x0, 0x0, 0x0, 0x0, 0x0, 0x0, 0xb6,
    0xff, 0x27, 0x0, 0x0, 0x0, 0x0, 0x0, 0x0,
    0x0, 0x0, 0xc1, 0xff, 0x1c, 0x0, 0x0, 0x0,
    0x0, 0x0, 0x84, 0xff, 0x34, 0xbd, 0xff, 0x1c,
    0x0, 0x0, 0x0, 0x0, 0x0, 0x84, 0xff, 0x34,
    0xb1, 0xff, 0x26, 0x0, 0x0, 0x0, 0x0, 0x0,
    0x84, 0xff, 0x34, 0x97, 0xff, 0x42, 0x0, 0x0,
    0x0, 0x0, 0x0, 0x84, 0xff, 0x34, 0x68, 0xff,
    0x7a, 0x0, 0x0, 0x0, 0x0, 0x0, 0x84, 0xff,
    0x34, 0x1b, 0xfb, 0xe3, 0x15, 0x0, 0x0, 0x0,
    0x41, 0xff, 0xff, 0x34, 0x0, 0x8b, 0xff, 0xeb,
    0x9f, 0x9b, 0xcd, 0xfd, 0xba, 0xff, 0x34, 0x0,
    0x2, 0x74, 0xd8, 0xf8, 0xea, 0xa7, 0x2a, 0x24,
    0xff, 0x34,

    /* U+0048 "H" */
    0x44, 0xff, 0x80, 0x0, 0x0, 0x0, 0x0, 0x0,
    0x24, 0xff, 0xa0, 0x44, 0xff, 0x80, 0x0, 0x0,
    0x0, 0x0, 0x0, 0x24, 0xff, 0xa0, 0x44, 0xff,
    0x80, 0x0, 0x0, 0x0, 0x0, 0x0, 0x24, 0xff,
    0xa0, 0x44, 0xff, 0x80, 0x0, 0x0, 0x0, 0x0,
    0x0, 0x24, 0xff, 0xa0, 0x44, 0xff, 0x80, 0x0,
    0x0, 0x0, 0x0, 0x0, 0x24, 0xff, 0xa0, 0x44,
    0xff, 0x80, 0x0, 0x0, 0x0, 0x0, 0x0, 0x24,
    0xff, 0xa0, 0x44, 0xff, 0xff, 0xff, 0xff, 0xff,
    0xff, 0xff, 0xff, 0xff, 0xa0, 0x44, 0xff, 0xd9,
    0x88, 0x88, 0x88, 0x88, 0x88, 0xac, 0xff, 0xa0,
    0x44, 0xff, 0x80, 0x0, 0x0, 0x0, 0x0, 0x0,
    0x24, 0xff, 0xa0, 0x44, 0xff, 0x80, 0x0, 0x0,
    0x0, 0x0, 0x0, 0x24, 0xff, 0xa0, 0x44, 0xff,
    0x80, 0x0, 0x0, 0x0, 0x0, 0x0, 0x24, 0xff,
    0xa0, 0x44, 0xff, 0x80, 0x0, 0x0, 0x0, 0x0,
    0x0, 0x24, 0xff, 0xa0, 0x44, 0xff, 0x80, 0x0,
    0x0, 0x0, 0x0, 0x0, 0x24, 0xff, 0xa0, 0x44,
    0xff, 0x80, 0x0, 0x0, 0x0, 0x0, 0x0, 0x24,
    0xff, 0xa0,

    /* U+0049 "I" */
    0x44, 0xff, 0x80, 0x44, 0xff, 0x80, 0x44, 0xff,
    0x80, 0x44, 0xff, 0x80, 0x44, 0xff, 0x80, 0x44,
    0xff, 0x80, 0x44, 0xff, 0x80, 0x44, 0xff, 0x80,
    0x44, 0xff, 0x80, 0x44, 0xff, 0x80, 0x44, 0xff,
    0x80, 0x44, 0xff, 0x80, 0x44, 0xff, 0x80, 0x44,
    0xff, 0x80,

    /* U+004A "J" */
    0x0, 0x0, 0x0, 0xa4, 0xff, 0x20, 0x0, 0x0,
    0x0, 0xa4, 0xff, 0x20, 0x0, 0x0, 0x0, 0xa4,
    0xff, 0x20, 0x0, 0x0, 0x0, 0xa4, 0xff, 0x20,
    0x0, 0x0, 0x0, 0xa4, 0xff, 0x20, 0x0, 0x0,
    0x0, 0xa4, 0xff, 0x20, 0x0, 0x0, 0x0, 0xa4,
    0xff, 0x20, 0x0, 0x0, 0x0, 0xa4, 0xff, 0x20,
    0x0, 0x0, 0x0, 0xa4, 0xff, 0x20, 0x0, 0x0,
    0x0, 0xa4, 0xff, 0x20, 0x0, 0x0, 0x0, 0xa4,
    0xff, 0x1f, 0x0, 0x0, 0x0, 0xc0, 0xff, 0xc,
    0x20, 0x84, 0xac, 0xff, 0xcc, 0x0, 0x46, 0xec,
    0xf8, 0xc6, 0x2a, 0x0,

    /* U+004B "K" */
    0x44, 0xff, 0x7c, 0x0, 0x0, 0x0, 0x0, 0x29,
    0xf6, 0xc9, 0x4, 0x44, 0xff, 0x7c, 0x0, 0x0,
    0x0, 0x6, 0xcf, 0xf4, 0x25, 0x0, 0x44, 0xff,
    0x7c, 0x0, 0x0, 0x0, 0x8c, 0xff, 0x65, 0x0,
    0x0, 0x44, 0xff, 0x7c, 0x0, 0x0, 0x43, 0xfe,
    0xb0, 0x0, 0x0, 0x0, 0x44, 0xff, 0x79, 0x0,
    0x13, 0xe4, 0xe7, 0x14, 0x0, 0x0, 0x0, 0x44,
    0xff, 0x85, 0x1c, 0xbc, 0xfe, 0x48, 0x0, 0x0,
    0x0, 0x0, 0x44, 0xff, 0xff, 0xff, 0xff, 0x99,
    0x0, 0x0, 0x0, 0x0, 0x0, 0x44, 0xff, 0xa7,
    0x50, 0xf5, 0xf6, 0x2b, 0x0, 0x0, 0x0, 0x0,
    0x44, 0xff, 0x74, 0x0, 0x2f, 0xfa, 0xcb, 0x3,
    0x0, 0x0, 0x0, 0x44, 0xff, 0x7c, 0x0, 0x0,
    0x82, 0xff, 0x78, 0x0, 0x0, 0x0, 0x44, 0xff,
    0x7c, 0x0, 0x0, 0x6, 0xd3, 0xf8, 0x28, 0x0,
    0x0, 0x44, 0xff, 0x7c, 0x0, 0x0, 0x0, 0x35,
    0xfc, 0xc6, 0x2, 0x0, 0x44, 0xff, 0x7c, 0x0,
    0x0, 0x0, 0x0, 0x89, 0xff, 0x72, 0x0, 0x44,
    0xff, 0x7c, 0x0, 0x0, 0x0, 0x0, 0x8, 0xd8,
    0xf6, 0x24,

    /* U+004C "L" */
    0x4c, 0xff, 0x70, 0x0, 0x0, 0x0, 0x0, 0x0,
    0x0, 0x4c, 0xff, 0x70, 0x0, 0x0, 0x0, 0x0,
    0x0, 0x0, 0x4c, 0xff, 0x70, 0x0, 0x0, 0x0,
    0x0, 0x0, 0x0, 0x4c, 0xff, 0x70, 0x0, 0x0,
    0x0, 0x0, 0x0, 0x0, 0x4c, 0xff, 0x70, 0x0,
    0x0, 0x0, 0x0, 0x0, 0x0, 0x4c, 0xff, 0x70,
    0x0, 0x0, 0x0, 0x0, 0x0, 0x0, 0x4c, 0xff,
    0x70, 0x0, 0x0, 0x0, 0x0, 0x0, 0x0, 0x4c,
    0xff, 0x70, 0x0, 0x0, 0x0, 0x0, 0x0, 0x0,
    0x4c, 0xff, 0x70, 0x0, 0x0, 0x0, 0x0, 0x0,
    0x0, 0x4c, 0xff, 0x70, 0x0, 0x0, 0x0, 0x0,
    0x0, 0x0, 0x4c, 0xff, 0x70, 0x0, 0x0, 0x0,
    0x0, 0x0, 0x0, 0x44, 0xff, 0x7e, 0x0, 0x0,
    0x0, 0x0, 0x0, 0x0, 0x15, 0xf7, 0xed, 0x88,
    0x7c, 0x7c, 0x7c, 0x7c, 0x60, 0x0, 0x52, 0xd8,
    0xfb, 0xff, 0xff, 0xfc, 0xf1, 0xbb,

    /* U+004D "M" */
    0x0, 0xd9, 0xff, 0xfc, 0x60, 0x0, 0x0, 0x0,
    0x0, 0x0, 0x2, 0xd4, 0xff, 0xfd, 0x5f, 0x0,
    0x8, 0xff, 0xd6, 0xe8, 0xc1, 0x0, 0x0, 0x0,
    0x0, 0x0, 0x3a, 0xff, 0xbc, 0xff, 0x87, 0x0,
    0x13, 0xff, 0xa9, 0x98, 0xfc, 0x12, 0x0, 0x0,
    0x0, 0x0, 0x89, 0xfe, 0x3f, 0xff, 0x92, 0x0,
    0x1d, 0xff, 0x9f, 0x4b, 0xff, 0x5d, 0x0, 0x0,
    0x0, 0x0, 0xd8, 0xca, 0x1c, 0xff, 0x9e, 0x0,
    0x28, 0xff, 0x95, 0x8, 0xf4, 0xab, 0x0, 0x0,
    0x0, 0x27, 0xff, 0x7c, 0x11, 0xff, 0xa9, 0x0,
    0x32, 0xff, 0x8c, 0x0, 0xaf, 0xf2, 0x6, 0x0,
    0x0, 0x76, 0xff, 0x2e, 0x7, 0xff, 0xb4, 0x0,
    0x3d, 0xff, 0x82, 0x0, 0x62, 0xff, 0x47, 0x0,
    0x0, 0xc5, 0xe0, 0x0, 0x0, 0xfc, 0xbf, 0x0,
    0x47, 0xff, 0x78, 0x0, 0x16, 0xfd, 0x95, 0x0,
    0x16, 0xfd, 0x93, 0x0, 0x0, 0xf3, 0xca, 0x0,
    0x52, 0xff, 0x6e, 0x0, 0x0, 0xc7, 0xe3, 0x0,
    0x63, 0xff, 0x46, 0x0, 0x0, 0xe9, 0xd6, 0x0,
    0x5d, 0xff, 0x64, 0x0, 0x0, 0x79, 0xff, 0x30,
    0xae, 0xf2, 0x6, 0x0, 0x0, 0xde, 0xe1, 0x0,
    0x67, 0xff, 0x5a, 0x0, 0x0, 0x2b, 0xff, 0x81,
    0xf0, 0xaa, 0x0, 0x0, 0x0, 0xd4, 0xec, 0x0,
    0x72, 0xff, 0x50, 0x0, 0x0, 0x0, 0xd8, 0xff,
    0xff, 0x59, 0x0, 0x0, 0x0, 0xca, 0xf7, 0x0,
    0x7c, 0xff, 0x46, 0x0, 0x0, 0x0, 0x1b, 0x44,
    0x3c, 0x2, 0x0, 0x0, 0x0, 0xc0, 0xff, 0x3,
    0x87, 0xff, 0x3c, 0x0, 0x0, 0x0, 0x0, 0x0,
    0x0, 0x0, 0x0, 0x0, 0x0, 0xb5, 0xff, 0xe,

    /* U+004E "N" */
    0x2b, 0xf7, 0xff, 0xc5, 0x1, 0x0, 0x0, 0x0,
    0x0, 0x60, 0xff, 0x5c, 0x44, 0xff, 0xdf, 0xff,
    0x4e, 0x0, 0x0, 0x0, 0x0, 0x60, 0xff, 0x5c,
    0x44, 0xff, 0x7c, 0xe8, 0xc5, 0x0, 0x0, 0x0,
    0x0, 0x60, 0xff, 0x5c, 0x44, 0xff, 0x7e, 0x7b,
    0xff, 0x3d, 0x0, 0x0, 0x0, 0x60, 0xff, 0x5c,
    0x44, 0xff, 0x80, 0x11, 0xf2, 0xb5, 0x0, 0x0,
    0x0, 0x60, 0xff, 0x5c, 0x44, 0xff, 0x80, 0x0,
    0x8b, 0xff, 0x2d, 0x0, 0x0, 0x60, 0xff, 0x5c,
    0x44, 0xff, 0x80, 0x0, 0x19, 0xf8, 0xa4, 0x0,
    0x0, 0x60, 0xff, 0x5c, 0x44, 0xff, 0x80, 0x0,
    0x0, 0x9a, 0xfb, 0x20, 0x0, 0x60, 0xff, 0x5c,
    0x44, 0xff, 0x80, 0x0, 0x0, 0x24, 0xfd, 0x94,
    0x0, 0x60, 0xff, 0x5c, 0x44, 0xff, 0x80, 0x0,
    0x0, 0x0, 0xa9, 0xf6, 0x15, 0x60, 0xff, 0x5c,
    0x44, 0xff, 0x80, 0x0, 0x0, 0x0, 0x31, 0xff,
    0x84, 0x5e, 0xff, 0x5c, 0x44, 0xff, 0x80, 0x0,
    0x0, 0x0, 0x0, 0xb8, 0xef, 0x65, 0xff, 0x5c,
    0x44, 0xff, 0x80, 0x0, 0x0, 0x0, 0x0, 0x3f,
    0xff, 0xe1, 0xff, 0x5c, 0x44, 0xff, 0x80, 0x0,
    0x0, 0x0, 0x0, 0x0, 0xb8, 0xff, 0xfb, 0x41,

    /* U+004F "O" */
    0x0, 0x0, 0x53, 0xb9, 0xea, 0xfa, 0xf2, 0xcf,
    0x80, 0xe, 0x0, 0x0, 0x0, 0x7d, 0xff, 0xfc,
    0xbc, 0x9b, 0xaa, 0xec, 0xff, 0xcd, 0x7, 0x0,
    0x1f, 0xfb, 0xf0, 0x31, 0x0, 0x0, 0x0, 0xa,
    0xbd, 0xff, 0x70, 0x0, 0x6f, 0xff, 0x87, 0x0,
    0x0, 0x0, 0x0, 0x0, 0x2c, 0xff, 0xc4, 0x0,
    0x9e, 0xff, 0x46, 0x0, 0x0, 0x0, 0x0, 0x0,
    0x0, 0xeb, 0xf2, 0x0, 0xb9, 0xff, 0x25, 0x0,
    0x0, 0x0, 0x0, 0x0, 0x0, 0xc9, 0xff, 0xf,
    0xc3, 0xff, 0x19, 0x0, 0x0, 0x0, 0x0, 0x0,
    0x0, 0xbe, 0xff, 0x1a, 0xc4, 0xff, 0x19, 0x0,
    0x0, 0x0, 0x0, 0x0, 0x0, 0xbe, 0xff, 0x1a,
    0xb9, 0xff, 0x25, 0x0, 0x0, 0x0, 0x0, 0x0,
    0x0, 0xca, 0xff, 0xf, 0x9e, 0xff, 0x47, 0x0,
    0x0, 0x0, 0x0, 0x0, 0x0, 0xeb, 0xf2, 0x0,
    0x6f, 0xff, 0x88, 0x0, 0x0, 0x0, 0x0, 0x0,
    0x2d, 0xff, 0xc4, 0x0, 0x1f, 0xfa, 0xf0, 0x31,
    0x0, 0x0, 0x0, 0xa, 0xbd, 0xff, 0x70, 0x0,
    0x0, 0x7d, 0xff, 0xfc, 0xbe, 0x9f, 0xad, 0xed,
    0xff, 0xce, 0x7, 0x0, 0x0, 0x0, 0x56, 0xbc,
    0xeb, 0xfb, 0xf4, 0xd2, 0x84, 0xe, 0x0, 0x0,

    /* U+0050 "P" */
    0x6c, 0xff, 0xff, 0xff, 0xff, 0xfd, 0xef, 0xc6,
    0x63, 0x0, 0x49, 0xff, 0xfc, 0x7c, 0x7c, 0x7e,
    0x97, 0xec, 0xff, 0x5e, 0x44, 0xff, 0x80, 0x0,
    0x0, 0x0, 0x0, 0x2d, 0xff, 0xbe, 0x44, 0xff,
    0x80, 0x0, 0x0, 0x0, 0x0, 0x0, 0xe9, 0xdf,
    0x44, 0xff, 0x80, 0x0, 0x0, 0x0, 0x0, 0x0,
    0xe2, 0xe5, 0x44, 0xff, 0x80, 0x0, 0x0, 0x0,
    0x0, 0xd, 0xfa, 0xce, 0x44, 0xff, 0xa4, 0x24,
    0x24, 0x26, 0x3d, 0xb0, 0xff, 0x8a, 0x4d, 0xff,
    0xff, 0xff, 0xff, 0xff, 0xff, 0xff, 0xc0, 0xf,
    0x44, 0xff, 0xb8, 0x4c, 0x54, 0x53, 0x47, 0x22,
    0x0, 0x0, 0x44, 0xff, 0x80, 0x0, 0x0, 0x0,
    0x0, 0x0, 0x0, 0x0, 0x44, 0xff, 0x80, 0x0,
    0x0, 0x0, 0x0, 0x0, 0x0, 0x0, 0x44, 0xff,
    0x80, 0x0, 0x0, 0x0, 0x0, 0x0, 0x0, 0x0,
    0x44, 0xff, 0x80, 0x0, 0x0, 0x0, 0x0, 0x0,
    0x0, 0x0, 0x44, 0xff, 0x80, 0x0, 0x0, 0x0,
    0x0, 0x0, 0x0, 0x0,

    /* U+0051 "Q" */
    0x0, 0x0, 0x51, 0xb8, 0xe9, 0xfb, 0xf2, 0xd0,
    0x82, 0xf, 0x0, 0x0, 0x0, 0x79, 0xff, 0xfd,
    0xbe, 0x9c, 0xaa, 0xeb, 0xff, 0xd0, 0x9, 0x0,
    0x1c, 0xfa, 0xf3, 0x36, 0x0, 0x0, 0x0, 0x9,
    0xbc, 0xff, 0x74, 0x0, 0x6b, 0xff, 0x8c, 0x0,
    0x0, 0x0, 0x0, 0x0, 0x2c, 0xff, 0xc8, 0x0,
    0x9a, 0xff, 0x4a, 0x0, 0x0, 0x0, 0x0, 0x0,
    0x0, 0xe9, 0xf5, 0x1, 0xb5, 0xff, 0x29, 0x0,
    0x0, 0x0, 0x0, 0x0, 0x0, 0xc6, 0xff, 0x13,
    0xbf, 0xff, 0x1d, 0x0, 0x0, 0x0, 0x0, 0x0,
    0x0, 0xba, 0xff, 0x1e, 0xc0, 0xff, 0x1d, 0x0,
    0x0, 0x0, 0x0, 0x0, 0x0, 0xbb, 0xff, 0x1e,
    0xb5, 0xff, 0x29, 0x0, 0x0, 0x0, 0x0, 0x0,
    0x0, 0xc7, 0xff, 0x13, 0x9a, 0xff, 0x4b, 0x0,
    0x0, 0x0, 0x0, 0x0, 0x0, 0xea, 0xf5, 0x1,
    0x6b, 0xff, 0x8d, 0x0, 0x0, 0x0, 0x0, 0x0,
    0x2c, 0xff, 0xc8, 0x0, 0x1c, 0xf9, 0xf3, 0x35,
    0x0, 0x0, 0x0, 0x9, 0xbc, 0xff, 0x74, 0x0,
    0x0, 0x79, 0xff, 0xfd, 0xc0, 0x9f, 0xac, 0xec,
    0xff, 0xd0, 0x9, 0x0, 0x0, 0x0, 0x54, 0xbb,
    0xeb, 0xfb, 0xf4, 0xd2, 0x85, 0xf, 0x0, 0x0,
    0x0, 0x0, 0x0, 0x0, 0x16, 0x31, 0x0, 0x0,
    0x0, 0x0, 0x0, 0x0, 0x0, 0x0, 0x0, 0x0,
    0x69, 0xff, 0xdb, 0x8b, 0x55, 0x22, 0x0, 0x0,
    0x0, 0x0, 0x0, 0x0, 0x0, 0x3c, 0xbd, 0xff,
    0xff, 0xf9, 0xd, 0x0, 0x0, 0x0, 0x0, 0x0,
    0x0, 0x0, 0x0, 0x1c, 0x6b, 0x82, 0x0, 0x0,

    /* U+0052 "R" */
    0x6c, 0xff, 0xff, 0xff, 0xff, 0xfd, 0xf0, 0xc9,
    0x6b, 0x0, 0x0, 0x48, 0xff, 0xf8, 0x7c, 0x7c,
    0x7e, 0x95, 0xe7, 0xff, 0x6c, 0x0, 0x44, 0xff,
    0x7c, 0x0, 0x0, 0x0, 0x0, 0x1f, 0xfc, 0xcc,
    0x0, 0x44, 0xff, 0x7c, 0x0, 0x0, 0x0, 0x0,
    0x0, 0xd9, 0xeb, 0x0, 0x44, 0xff, 0x7c, 0x0,
    0x0, 0x0, 0x0, 0x0, 0xdb, 0xe8, 0x0, 0x44,
    0xff, 0x7c, 0x0, 0x0, 0x0, 0x0, 0x22, 0xfd,
    0xb9, 0x0, 0x45, 0xff, 0xff, 0x84, 0x84, 0x85,
    0x9a, 0xea, 0xf2, 0x38, 0x0, 0x4f, 0xff, 0xff,
    0xff, 0xff, 0xff, 0xff, 0xd0, 0x1c, 0x0, 0x0,
    0x44, 0xff, 0x7c, 0x0, 0x0, 0x4, 0x4e, 0xfa,
    0xab, 0x0, 0x0, 0x44, 0xff, 0x7c, 0x0, 0x0,
    0x0, 0x0, 0xa9, 0xfe, 0x1e, 0x0, 0x44, 0xff,
    0x7c, 0x0, 0x0, 0x0, 0x0, 0x5f, 0xff, 0x6b,
    0x0, 0x44, 0xff, 0x7c, 0x0, 0x0, 0x0, 0x0,
    0x1a, 0xff, 0xb6, 0x0, 0x44, 0xff, 0x7c, 0x0,
    0x0, 0x0, 0x0, 0x0, 0xd4, 0xf7, 0xa, 0x44,
    0xff, 0x7c, 0x0, 0x0, 0x0, 0x0, 0x0, 0x8f,
    0xff, 0x4e,

    /* U+0053 "S" */
    0x6, 0x88, 0xd8, 0xf5, 0xfd, 0xf4, 0xe7, 0xc8,
    0x70, 0x0, 0x85, 0xff, 0xed, 0xb3, 0xa2, 0xa0,
    0xa0, 0xa0, 0x5e, 0x0, 0xd1, 0xfc, 0x20, 0x0,
    0x0, 0x0, 0x0, 0x0, 0x0, 0x0, 0xe2, 0xe4,
    0x0, 0x0, 0x0, 0x0, 0x0, 0x0, 0x0, 0x0,
    0xcd, 0xf6, 0x6, 0x0, 0x0, 0x0, 0x0, 0x0,
    0x0, 0x0, 0x88, 0xff, 0xa4, 0x2b, 0x0, 0x0,
    0x0, 0x0, 0x0, 0x0, 0xe, 0xbb, 0xff, 0xff,
    0xe8, 0xa9, 0x65, 0xf, 0x0, 0x0, 0x0, 0x0,
    0x33, 0x7f, 0xbe, 0xf6, 0xff, 0xf3, 0x43, 0x0,
    0x0, 0x0, 0x0, 0x0, 0x0, 0x7, 0x62, 0xfb,
    0xdd, 0x1, 0x0, 0x0, 0x0, 0x0, 0x0, 0x0,
    0x0, 0xaa, 0xff, 0x1c, 0x0, 0x0, 0x0, 0x0,
    0x0, 0x0, 0x0, 0x9a, 0xff, 0x2e, 0x0, 0x0,
    0x0, 0x0, 0x0, 0x0, 0x2, 0xcd, 0xff, 0x17,
    0x57, 0x90, 0x90, 0x90, 0x90, 0x9b, 0xd1, 0xff,
    0xc4, 0x0, 0x7f, 0xe3, 0xfa, 0xff, 0xff, 0xf7,
    0xde, 0x9d, 0x18, 0x0,

    /* U+0054 "T" */
    0x84, 0xff, 0xff, 0xff, 0xff, 0xff, 0xff, 0xff,
    0xff, 0xff, 0xff, 0x24, 0x4a, 0x90, 0x90, 0x90,
    0xa4, 0xff, 0xff, 0x90, 0x90, 0x90, 0x90, 0x14,
    0x0, 0x0, 0x0, 0x0, 0x14, 0xff, 0xb0, 0x0,
    0x0, 0x0, 0x0, 0x0, 0x0, 0x0, 0x0, 0x0,
    0x14, 0xff, 0xb0, 0x0, 0x0, 0x0, 0x0, 0x0,
    0x0, 0x0, 0x0, 0x0, 0x14, 0xff, 0xb0, 0x0,
    0x0, 0x0, 0x0, 0x0, 0x0, 0x0, 0x0, 0x0,
    0x14, 0xff, 0xb0, 0x0, 0x0, 0x0, 0x0, 0x0,
    0x0, 0x0, 0x0, 0x0, 0x14, 0xff, 0xb0, 0x0,
    0x0, 0x0, 0x0, 0x0, 0x0, 0x0, 0x0, 0x0,
    0x14, 0xff, 0xb0, 0x0, 0x0, 0x0, 0x0, 0x0,
    0x0, 0x0, 0x0, 0x0, 0x14, 0xff, 0xb0, 0x0,
    0x0, 0x0, 0x0, 0x0, 0x0, 0x0, 0x0, 0x0,
    0x14, 0xff, 0xb0, 0x0, 0x0, 0x0, 0x0, 0x0,
    0x0, 0x0, 0x0, 0x0, 0x14, 0xff, 0xb0, 0x0,
    0x0, 0x0, 0x0, 0x0, 0x0, 0x0, 0x0, 0x0,
    0x14, 0xff, 0xb0, 0x0, 0x0, 0x0, 0x0, 0x0,
    0x0, 0x0, 0x0, 0x0, 0x14, 0xff, 0xb0, 0x0,
    0x0, 0x0, 0x0, 0x0, 0x0, 0x0, 0x0, 0x0,
    0x14, 0xff, 0xb0, 0x0, 0x0, 0x0, 0x0, 0x0,

    /* U+0055 "U" */
    0x5c, 0xff, 0x68, 0x0, 0x0, 0x0, 0x0, 0x0,
    0x14, 0xff, 0xb0, 0x5c, 0xff, 0x68, 0x0, 0x0,
    0x0, 0x0, 0x0, 0x14, 0xff, 0xb0, 0x5c, 0xff,
    0x68, 0x0, 0x0, 0x0, 0x0, 0x0, 0x14, 0xff,
    0xb0, 0x5c, 0xff, 0x68, 0x0, 0x0, 0x0, 0x0,
    0x0, 0x14, 0xff, 0xb0, 0x5c, 0xff, 0x68, 0x0,
    0x0, 0x0, 0x0, 0x0, 0x14, 0xff, 0xb0, 0x5c,
    0xff, 0x68, 0x0, 0x0, 0x0, 0x0, 0x0, 0x14,
    0xff, 0xb0, 0x5c, 0xff, 0x68, 0x0, 0x0, 0x0,
    0x0, 0x0, 0x14, 0xff, 0xb0, 0x5c, 0xff, 0x68,
    0x0, 0x0, 0x0, 0x0, 0x0, 0x14, 0xff, 0xb0,
    0x59, 0xff, 0x69, 0x0, 0x0, 0x0, 0x0, 0x0,
    0x16, 0xff, 0xad, 0x4a, 0xff, 0x77, 0x0, 0x0,
    0x0, 0x0, 0x0, 0x25, 0xff, 0x9e, 0x2b, 0xff,
    0xa3, 0x0, 0x0, 0x0, 0x0, 0x0, 0x56, 0xff,
    0x80, 0x0, 0xe3, 0xf7, 0x30, 0x0, 0x0, 0x0,
    0xe, 0xcd, 0xff, 0x3b, 0x0, 0x55, 0xfd, 0xf9,
    0xba, 0x9d, 0xac, 0xeb, 0xff, 0xaf, 0x0, 0x0,
    0x0, 0x42, 0xb1, 0xe6, 0xf9, 0xf0, 0xce, 0x78,
    0x5, 0x0,

    /* U+0056 "V" */
    0x81, 0xff, 0x4d, 0x0, 0x0, 0x0, 0x0, 0x0,
    0x0, 0x21, 0xff, 0xaf, 0x31, 0xff, 0x98, 0x0,
    0x0, 0x0, 0x0, 0x0, 0x0, 0x6c, 0xff, 0x60,
    0x0, 0xe1, 0xe3, 0x0, 0x0, 0x0, 0x0, 0x0,
    0x0, 0xb7, 0xfc, 0x14, 0x0, 0x93, 0xff, 0x2e,
    0x0, 0x0, 0x0, 0x0, 0xa, 0xf7, 0xc1, 0x0,
    0x0, 0x44, 0xff, 0x79, 0x0, 0x0, 0x0, 0x0,
    0x4c, 0xff, 0x72, 0x0, 0x0, 0x5, 0xf0, 0xc4,
    0x0, 0x0, 0x0, 0x0, 0x97, 0xff, 0x22, 0x0,
    0x0, 0x0, 0xa6, 0xfc, 0x13, 0x0, 0x0, 0x0,
    0xe0, 0xd3, 0x0, 0x0, 0x0, 0x0, 0x57, 0xff,
    0x5b, 0x0, 0x0, 0x2c, 0xff, 0x84, 0x0, 0x0,
    0x0, 0x0, 0xe, 0xf9, 0xa6, 0x0, 0x0, 0x77,
    0xff, 0x34, 0x0, 0x0, 0x0, 0x0, 0x0, 0xb9,
    0xee, 0x3, 0x0, 0xc1, 0xe4, 0x1, 0x0, 0x0,
    0x0, 0x0, 0x0, 0x69, 0xff, 0x3c, 0x10, 0xfb,
    0x95, 0x0, 0x0, 0x0, 0x0, 0x0, 0x0, 0x1b,
    0xfe, 0x85, 0x57, 0xff, 0x46, 0x0, 0x0, 0x0,
    0x0, 0x0, 0x0, 0x0, 0xcb, 0xd4, 0xb8, 0xf1,
    0x6, 0x0, 0x0, 0x0, 0x0, 0x0, 0x0, 0x0,
    0x6c, 0xfe, 0xff, 0x94, 0x0, 0x0, 0x0, 0x0,

    /* U+0057 "W" */
    0x46, 0xff, 0x94, 0x0, 0x0, 0x0, 0x0, 0x19,
    0xf2, 0xff, 0xed, 0x13, 0x0, 0x0, 0x0, 0x0,
    0x9e, 0xff, 0x3c, 0x11, 0xff, 0xc7, 0x0, 0x0,
    0x0, 0x0, 0x57, 0xff, 0xa0, 0xff, 0x4e, 0x0,
    0x0, 0x0, 0x0, 0xd1, 0xfc, 0xb, 0x0, 0xdb,
    0xf6, 0x3, 0x0, 0x0, 0x0, 0x8d, 0xfd, 0x20,
    0xff, 0x84, 0x0, 0x0, 0x0, 0x8, 0xfb, 0xd2,
    0x0, 0x0, 0xa6, 0xff, 0x2c, 0x0, 0x0, 0x0,
    0xc2, 0xd5, 0x0, 0xe1, 0xb9, 0x0, 0x0, 0x0,
    0x37, 0xff, 0x9d, 0x0, 0x0, 0x71, 0xff, 0x5f,
    0x0, 0x0, 0x2, 0xf4, 0xa1, 0x0, 0xad, 0xed,
    0x0, 0x0, 0x0, 0x6a, 0xff, 0x68, 0x0, 0x0,
    0x3c, 0xff, 0x91, 0x0, 0x0, 0x2c, 0xff, 0x6d,
    0x0, 0x79, 0xff, 0x23, 0x0, 0x0, 0x9d, 0xff,
    0x33, 0x0, 0x0, 0xa, 0xfc, 0xc4, 0x0, 0x0,
    0x61, 0xff, 0x39, 0x0, 0x44, 0xff, 0x58, 0x0,
    0x0, 0xd0, 0xf8, 0x6, 0x0, 0x0, 0x0, 0xd2,
    0xf4, 0x2, 0x0, 0x96, 0xfb, 0x9, 0x0, 0x10,
    0xff, 0x8d, 0x0, 0x8, 0xfb, 0xc9, 0x0, 0x0,
    0x0, 0x0, 0x9d, 0xff, 0x29, 0x0, 0xcb, 0xd1,
    0x0, 0x0, 0x0, 0xdc, 0xc2, 0x0, 0x37, 0xff,
    0x94, 0x0, 0x0, 0x0, 0x0, 0x68, 0xff, 0x5b,
    0x7, 0xf9, 0x9d, 0x0, 0x0, 0x0, 0xa7, 0xf4,
    0x3, 0x6a, 0xff, 0x5f, 0x0, 0x0, 0x0, 0x0,
    0x33, 0xff, 0x8e, 0x36, 0xff, 0x69, 0x0, 0x0,
    0x0, 0x73, 0xff, 0x2d, 0x9d, 0xff, 0x2a, 0x0,
    0x0, 0x0, 0x0, 0x5, 0xf8, 0xbc, 0x69, 0xff,
    0x35, 0x0, 0x0, 0x0, 0x3f, 0xff, 0x5d, 0xcb,
    0xf2, 0x2, 0x0, 0x0, 0x0, 0x0, 0x0, 0xc8,
    0xea, 0xb7, 0xfa, 0x7, 0x0, 0x0, 0x0, 0xc,
    0xfd, 0xab, 0xf1, 0xbf, 0x0, 0x0, 0x0, 0x0,
    0x0, 0x0, 0x80, 0xff, 0xff, 0xb7, 0x0, 0x0,
    0x0, 0x0, 0x0, 0xc0, 0xff, 0xff, 0x75, 0x0,
    0x0, 0x0,

    /* U+0058 "X" */
    0xd, 0xe9, 0xe3, 0x8, 0x0, 0x0, 0x0, 0x0,
    0x0, 0xb5, 0xfd, 0x2f, 0x0, 0x6b, 0xff, 0x75,
    0x0, 0x0, 0x0, 0x0, 0x3e, 0xff, 0x9f, 0x0,
    0x0, 0x4, 0xd9, 0xee, 0x10, 0x0, 0x0, 0x0,
    0xc6, 0xf6, 0x1c, 0x0, 0x0, 0x0, 0x53, 0xff,
    0x88, 0x0, 0x0, 0x51, 0xff, 0x85, 0x0, 0x0,
    0x0, 0x0, 0x0, 0xc6, 0xf6, 0x1b, 0x3, 0xd6,
    0xea, 0xe, 0x0, 0x0, 0x0, 0x0, 0x0, 0x3b,
    0xff, 0xb1, 0x7c, 0xff, 0x6b, 0x0, 0x0, 0x0,
    0x0, 0x0, 0x0, 0x0, 0xc4, 0xff, 0xff, 0xff,
    0x5, 0x0, 0x0, 0x0, 0x0, 0x0, 0x0, 0x1e,
    0xf8, 0xff, 0xcf, 0xff, 0x48, 0x0, 0x0, 0x0,
    0x0, 0x0, 0x0, 0x9e, 0xff, 0x3c, 0x12, 0xf1,
    0xce, 0x1, 0x0, 0x0, 0x0, 0x0, 0x27, 0xfc,
    0xb8, 0x0, 0x0, 0x81, 0xff, 0x56, 0x0, 0x0,
    0x0, 0x0, 0xab, 0xff, 0x36, 0x0, 0x0, 0xf,
    0xee, 0xd9, 0x4, 0x0, 0x0, 0x31, 0xfe, 0xb2,
    0x0, 0x0, 0x0, 0x0, 0x7b, 0xff, 0x65, 0x0,
    0x0, 0xb7, 0xfe, 0x31, 0x0, 0x0, 0x0, 0x0,
    0xc, 0xeb, 0xe4, 0x8, 0x3d, 0xff, 0xad, 0x0,
    0x0, 0x0, 0x0, 0x0, 0x0, 0x75, 0xff, 0x74,

    /* U+0059 "Y" */
    0x87, 0xff, 0x56, 0x0, 0x0, 0x0, 0x0, 0x0,
    0xb, 0xeb, 0xde, 0x4, 0x12, 0xf2, 0xd2, 0x1,
    0x0, 0x0, 0x0, 0x0, 0x74, 0xff, 0x61, 0x0,
    0x0, 0x82, 0xff, 0x52, 0x0, 0x0, 0x0, 0x9,
    0xe8, 0xdc, 0x4, 0x0, 0x0, 0x10, 0xef, 0xcf,
    0x0, 0x0, 0x0, 0x6f, 0xff, 0x5e, 0x0, 0x0,
    0x0, 0x0, 0x7e, 0xff, 0x4e, 0x0, 0x7, 0xe4,
    0xd9, 0x3, 0x0, 0x0, 0x0, 0x0, 0xe, 0xed,
    0xcb, 0x0, 0x69, 0xff, 0x5b, 0x0, 0x0, 0x0,
    0x0, 0x0, 0x0, 0x79, 0xff, 0x3e, 0xd9, 0xd7,
    0x2, 0x0, 0x0, 0x0, 0x0, 0x0, 0x0, 0xb,
    0xeb, 0xdb, 0xff, 0x58, 0x0, 0x0, 0x0, 0x0,
    0x0, 0x0, 0x0, 0x0, 0xa8, 0xff, 0xff, 0x2,
    0x0, 0x0, 0x0, 0x0, 0x0, 0x0, 0x0, 0x0,
    0x3b, 0xff, 0xab, 0x0, 0x0, 0x0, 0x0, 0x0,
    0x0, 0x0, 0x0, 0x0, 0x34, 0xff, 0x90, 0x0,
    0x0, 0x0, 0x0, 0x0, 0x0, 0x0, 0x0, 0x0,
    0x34, 0xff, 0x90, 0x0, 0x0, 0x0, 0x0, 0x0,
    0x0, 0x0, 0x0, 0x0, 0x34, 0xff, 0x90, 0x0,
    0x0, 0x0, 0x0, 0x0, 0x0, 0x0, 0x0, 0x0,
    0x34, 0xff, 0x90, 0x0, 0x0, 0x0, 0x0, 0x0,

    /* U+005A "Z" */
    0x0, 0xec, 0xff, 0xff, 0xff, 0xff, 0xff, 0xff,
    0xff, 0xff, 0x3c, 0x0, 0x79, 0x84, 0x84, 0x84,
    0x84, 0x84, 0x84, 0xed, 0xfe, 0x29, 0x0, 0x0,
    0x0, 0x0, 0x0, 0x0, 0x0, 0x59, 0xff, 0x93,
    0x0, 0x0, 0x0, 0x0, 0x0, 0x0, 0x0, 0x17,
    0xec, 0xde, 0xb, 0x0, 0x0, 0x0, 0x0, 0x0,
    0x0, 0x0, 0xaf, 0xfe, 0x40, 0x0, 0x0, 0x0,
    0x0, 0x0, 0x0, 0x0, 0x5b, 0xff, 0x94, 0x0,
    0x0, 0x0, 0x0, 0x0, 0x0, 0x0, 0x18, 0xed,
    0xde, 0xb, 0x0, 0x0, 0x0, 0x0, 0x0, 0x0,
    0x0, 0xb0, 0xfe, 0x40, 0x0, 0x0, 0x0, 0x0,
    0x0, 0x0, 0x0, 0x5c, 0xff, 0x94, 0x0, 0x0,
    0x0, 0x0, 0x0, 0x0, 0x0, 0x19, 0xee, 0xde,
    0xb, 0x0, 0x0, 0x0, 0x0, 0x0, 0x0, 0x0,
    0xb2, 0xfe, 0x41, 0x0, 0x0, 0x0, 0x0, 0x0,
    0x0, 0x0, 0x5e, 0xff, 0x94, 0x0, 0x0, 0x0,
    0x0, 0x0, 0x0, 0x0, 0x6, 0xf2, 0xff, 0x8b,
    0x80, 0x80, 0x80, 0x80, 0x80, 0x80, 0x30, 0xc,
    0xff, 0xff, 0xff, 0xff, 0xff, 0xff, 0xff, 0xff,
    0xff, 0x60,

    /* U+005B "[" */
    0xc, 0xd5, 0xf8, 0xf8, 0xbd, 0x2f, 0xff, 0x8c,
    0x28, 0x1e, 0x30, 0xff, 0x70, 0x0, 0x0, 0x30,
    0xff, 0x70, 0x0, 0x0, 0x30, 0xff, 0x70, 0x0,
    0x0, 0x30, 0xff, 0x70, 0x0, 0x0, 0x30, 0xff,
    0x70, 0x0, 0x0, 0x30, 0xff, 0x70, 0x0, 0x0,
    0x30, 0xff, 0x70, 0x0, 0x0, 0x30, 0xff, 0x70,
    0x0, 0x0, 0x30, 0xff, 0x70, 0x0, 0x0, 0x30,
    0xff, 0x70, 0x0, 0x0, 0x30, 0xff, 0x70, 0x0,
    0x0, 0x30, 0xff, 0x70, 0x0, 0x0, 0x30, 0xff,
    0x70, 0x0, 0x0, 0x30, 0xff, 0x70, 0x0, 0x0,
    0x30, 0xff, 0x70, 0x0, 0x0, 0x30, 0xff, 0x74,
    0x0, 0x0, 0x17, 0xf6, 0xfd, 0xf8, 0xbd, 0x0,
    0x13, 0x28, 0x28, 0x1e,

    /* U+005C "\\" */
    0x32, 0xfe, 0x37, 0x0, 0x0, 0x0, 0x0, 0x0,
    0x0, 0x0, 0x0, 0xab, 0xbd, 0x0, 0x0, 0x0,
    0x0, 0x0, 0x0, 0x0, 0x0, 0x28, 0xfc, 0x43,
    0x0, 0x0, 0x0, 0x0, 0x0, 0x0, 0x0, 0x0,
    0x9f, 0xc8, 0x0, 0x0, 0x0, 0x0, 0x0, 0x0,
    0x0, 0x0, 0x1f, 0xf9, 0x4f, 0x0, 0x0, 0x0,
    0x0, 0x0, 0x0, 0x0, 0x0, 0x93, 0xd3, 0x2,
    0x0, 0x0, 0x0, 0x0, 0x0, 0x0, 0x0, 0x17,
    0xf5, 0x5b, 0x0, 0x0, 0x0, 0x0, 0x0, 0x0,
    0x0, 0x0, 0x86, 0xdc, 0x5, 0x0, 0x0, 0x0,
    0x0, 0x0, 0x0, 0x0, 0x10, 0xef, 0x68, 0x0,
    0x0, 0x0, 0x0, 0x0, 0x0, 0x0, 0x0, 0x7a,
    0xe5, 0x8, 0x0, 0x0, 0x0, 0x0, 0x0, 0x0,
    0x0, 0xb, 0xe8, 0x74, 0x0, 0x0, 0x0, 0x0,
    0x0, 0x0, 0x0, 0x0, 0x6e, 0xec, 0xd, 0x0,
    0x0, 0x0, 0x0, 0x0, 0x0, 0x0, 0x6, 0xe0,
    0x80, 0x0, 0x0, 0x0, 0x0, 0x0, 0x0, 0x0,
    0x0, 0x62, 0xf2, 0x13, 0x0, 0x0, 0x0, 0x0,
    0x0, 0x0, 0x0, 0x3, 0xd7, 0x8c,

    /* U+005D "]" */
    0x2e, 0xf8, 0xf8, 0xf5, 0x76, 0x7, 0x28, 0x29,
    0xe6, 0xbb, 0x0, 0x0, 0x0, 0xdc, 0xbc, 0x0,
    0x0, 0x0, 0xdc, 0xbc, 0x0, 0x0, 0x0, 0xdc,
    0xbc, 0x0, 0x0, 0x0, 0xdc, 0xbc, 0x0, 0x0,
    0x0, 0xdc, 0xbc, 0x0, 0x0, 0x0, 0xdc, 0xbc,
    0x0, 0x0, 0x0, 0xdc, 0xbc, 0x0, 0x0, 0x0,
    0xdc, 0xbc, 0x0, 0x0, 0x0, 0xdc, 0xbc, 0x0,
    0x0, 0x0, 0xdc, 0xbc, 0x0, 0x0, 0x0, 0xdc,
    0xbc, 0x0, 0x0, 0x0, 0xdc, 0xbc, 0x0, 0x0,
    0x0, 0xdc, 0xbc, 0x0, 0x0, 0x0, 0xdc, 0xbc,
    0x0, 0x0, 0x0, 0xdc, 0xbc, 0x0, 0x0, 0x0,
    0xe0, 0xbc, 0x2e, 0xf8, 0xf8, 0xff, 0x96, 0x7,
    0x28, 0x28, 0x25, 0x3,

    /* U+005E "^" */
    0x0, 0x0, 0x0, 0xb4, 0xfd, 0x3f, 0x0, 0x0,
    0x0, 0x0, 0x70, 0xd9, 0x6e, 0xe2, 0x12, 0x0,
    0x0, 0x31, 0xe8, 0x26, 0x0, 0x88, 0xaf, 0x0,
    0xb, 0xd4, 0x44, 0x0, 0x0, 0x2, 0xb3, 0x69,
    0x1e, 0x55, 0x0, 0x0, 0x0, 0x0, 0xd, 0x64,

    /* U+005F "_" */
    0x10, 0x10, 0x10, 0x10, 0x10, 0x10, 0x10, 0x10,
    0xc, 0xff, 0xff, 0xff, 0xff, 0xff, 0xff, 0xff,
    0xff, 0xc4, 0x3c, 0x3c, 0x3c, 0x3c, 0x3c, 0x3c,
    0x3c, 0x3c, 0x2d,

    /* U+0060 "`" */
    0x0, 0x32, 0x7, 0x0, 0x0, 0x0, 0x13, 0xed,
    0xc5, 0x15, 0x0, 0x0, 0x0, 0x4d, 0xe1, 0xde,
    0x2a, 0x0, 0x0, 0x0, 0xb, 0x8e, 0xdf, 0x5,
    0x0, 0x0, 0x0, 0x0, 0xe, 0x0,

    /* U+0061 "a" */
    0x4e, 0xb3, 0xd2, 0xec, 0xf9, 0xf8, 0xd4, 0x5d,
    0x0, 0x4a, 0xa3, 0x90, 0x88, 0x88, 0x9d, 0xf0,
    0xfe, 0x2f, 0x0, 0x0, 0x0, 0x0, 0x0, 0x0,
    0x5b, 0xff, 0x70, 0x0, 0x0, 0x8, 0x10, 0x10,
    0x10, 0x48, 0xff, 0x7f, 0x36, 0xd3, 0xfe, 0xff,
    0xff, 0xff, 0xff, 0xff, 0x80, 0xd2, 0xf9, 0x60,
    0x40, 0x40, 0x40, 0x78, 0xff, 0x80, 0xfa, 0xc9,
    0x0, 0x0, 0x0, 0x0, 0x38, 0xff, 0x80, 0xf5,
    0xce, 0x0, 0x0, 0x0, 0x6, 0xc7, 0xff, 0x80,
    0xb9, 0xfe, 0x78, 0x53, 0x81, 0xe4, 0xb7, 0xff,
    0x80, 0x1a, 0xb2, 0xf5, 0xeb, 0xb9, 0x51, 0x0,
    0xe7, 0x80,

    /* U+0062 "b" */
    0x7c, 0xff, 0x38, 0x0, 0x0, 0x0, 0x0, 0x0,
    0x0, 0x0, 0x7c, 0xff, 0x38, 0x0, 0x0, 0x0,
    0x0, 0x0, 0x0, 0x0, 0x7c, 0xff, 0x38, 0x0,
    0x0, 0x0, 0x0, 0x0, 0x0, 0x0, 0x7c, 0xff,
    0x37, 0x0, 0x0, 0x0, 0x0, 0x0, 0x0, 0x0,
    0x7c, 0xff, 0x30, 0x4e, 0xc2, 0xf2, 0xec, 0x9b,
    0xb, 0x0, 0x7c, 0xff, 0xad, 0xf0, 0x9b, 0x85,
    0xc9, 0xff, 0xa3, 0x0, 0x7c, 0xff, 0xe3, 0x16,
    0x0, 0x0, 0x4, 0xd3, 0xfa, 0xd, 0x7c, 0xff,
    0x34, 0x0, 0x0, 0x0, 0x0, 0x8b, 0xff, 0x37,
    0x7c, 0xff, 0x34, 0x0, 0x0, 0x0, 0x0, 0x76,
    0xff, 0x4a, 0x7c, 0xff, 0x35, 0x0, 0x0, 0x0,
    0x0, 0x78, 0xff, 0x49, 0x7c, 0xff, 0x35, 0x0,
    0x0, 0x0, 0x0, 0x92, 0xff, 0x34, 0x7c, 0xff,
    0x36, 0x0, 0x0, 0x0, 0x7, 0xdf, 0xf5, 0x9,
    0x7c, 0xff, 0xdc, 0x78, 0x6c, 0x7a, 0xce, 0xff,
    0x87, 0x0, 0xa3, 0xff, 0xff, 0xff, 0xff, 0xf7,
    0xd5, 0x75, 0x2, 0x0,

    /* U+0063 "c" */
    0x0, 0x2d, 0xa9, 0xe5, 0xfa, 0xf5, 0xd8, 0x86,
    0x0, 0x24, 0xf5, 0xfe, 0xb3, 0x86, 0x7c, 0x80,
    0x61, 0x0, 0x95, 0xff, 0x6b, 0x0, 0x0, 0x0,
    0x0, 0x0, 0x0, 0xce, 0xfb, 0xa, 0x0, 0x0,
    0x0, 0x0, 0x0, 0x0, 0xe3, 0xe7, 0x0, 0x0,
    0x0, 0x0, 0x0, 0x0, 0x0, 0xe4, 0xe7, 0x0,
    0x0, 0x0, 0x0, 0x0, 0x0, 0x0, 0xce, 0xfb,
    0x9, 0x0, 0x0, 0x0, 0x0, 0x0, 0x0, 0x95,
    0xff, 0x65, 0x0, 0x0, 0x0, 0x0, 0x0, 0x0,
    0x25, 0xf5, 0xfc, 0xa9, 0x7c, 0x74, 0x7c, 0x86,
    0x0, 0x0, 0x2e, 0xab, 0xe6, 0xfa, 0xf3, 0xdb,
    0xa0, 0x1,

    /* U+0064 "d" */
    0x0, 0x0, 0x0, 0x0, 0x0, 0x0, 0x0, 0xd0,
    0xe0, 0x0, 0x0, 0x0, 0x0, 0x0, 0x0, 0x0,
    0xd0, 0xe0, 0x0, 0x0, 0x0, 0x0, 0x0, 0x0,
    0x0, 0xd0, 0xe0, 0x0, 0x0, 0x0, 0x0, 0x0,
    0x0, 0x0, 0xce, 0xe0, 0x0, 0x4d, 0xcc, 0xf6,
    0xe8, 0xc4, 0x76, 0xd1, 0xe0, 0x33, 0xfd, 0xed,
    0x93, 0x84, 0x9f, 0xd6, 0xff, 0xe0, 0x97, 0xff,
    0x42, 0x0, 0x0, 0x0, 0x0, 0xd2, 0xe0, 0xc8,
    0xf5, 0x2, 0x0, 0x0, 0x0, 0x0, 0xd0, 0xe0,
    0xd9, 0xe1, 0x0, 0x0, 0x0, 0x0, 0x0, 0xd0,
    0xe0, 0xdb, 0xe1, 0x0, 0x0, 0x0, 0x0, 0x0,
    0xd0, 0xe0, 0xc7, 0xf5, 0x2, 0x0, 0x0, 0x0,
    0x0, 0xd0, 0xe0, 0x95, 0xff, 0x43, 0x0, 0x0,
    0x0, 0x4f, 0xff, 0xe0, 0x34, 0xfd, 0xed, 0x8e,
    0x85, 0xc6, 0xe5, 0xd7, 0xe0, 0x0, 0x59, 0xd9,
    0xfa, 0xe2, 0x92, 0x12, 0x7e, 0xe0,

    /* U+0065 "e" */
    0x0, 0x31, 0xaf, 0xe8, 0xfb, 0xf2, 0xca, 0x64,
    0x0, 0x26, 0xf7, 0xf3, 0x99, 0x79, 0x85, 0xd4,
    0xff, 0x5a, 0x96, 0xff, 0x48, 0x0, 0x0, 0x0,
    0x10, 0xfd, 0xa9, 0xd3, 0xff, 0x12, 0x10, 0x10,
    0x10, 0x41, 0xff, 0xa6, 0xff, 0xff, 0xff, 0xff,
    0xff, 0xff, 0xff, 0xf3, 0x3c, 0xf4, 0xff, 0x40,
    0x40, 0x40, 0x40, 0x39, 0x11, 0x0, 0xcc, 0xfa,
    0x8, 0x0, 0x0, 0x0, 0x0, 0x0, 0x0, 0x90,
    0xff, 0x5f, 0x0, 0x0, 0x0, 0x0, 0x0, 0x0,
    0x1f, 0xf1, 0xfa, 0xa2, 0x78, 0x76, 0x83, 0x9d,
    0x46, 0x0, 0x27, 0xa6, 0xe4, 0xfa, 0xf9, 0xe3,
    0xba, 0x42,

    /* U+0066 "f" */
    0x0, 0x0, 0x9, 0x9e, 0xef, 0xff, 0xff, 0xd1,
    0x0, 0x0, 0x75, 0xff, 0xbd, 0x68, 0x60, 0x4b,
    0x0, 0x0, 0xa9, 0xff, 0x17, 0x0, 0x0, 0x0,
    0x0, 0x0, 0xb0, 0xff, 0x4, 0x0, 0x0, 0x0,
    0x70, 0xff, 0xff, 0xff, 0xff, 0xff, 0xff, 0x24,
    0x1f, 0x48, 0xf8, 0xff, 0x4c, 0x48, 0x48, 0xa,
    0x0, 0x0, 0xb0, 0xff, 0x4, 0x0, 0x0, 0x0,
    0x0, 0x0, 0xb0, 0xff, 0x4, 0x0, 0x0, 0x0,
    0x0, 0x0, 0xb0, 0xff, 0x4, 0x0, 0x0, 0x0,
    0x0, 0x0, 0xb0, 0xff, 0x4, 0x0, 0x0, 0x0,
    0x0, 0x0, 0xb0, 0xff, 0x4, 0x0, 0x0, 0x0,
    0x0, 0x0, 0xb0, 0xff, 0x4, 0x0, 0x0, 0x0,
    0x0, 0x0, 0xb0, 0xff, 0x4, 0x0, 0x0, 0x0,
    0x0, 0x0, 0xb0, 0xff, 0x4, 0x0, 0x0, 0x0,

    /* U+0067 "g" */
    0x0, 0x0, 0x6f, 0xcc, 0xf1, 0xfb, 0xee, 0xff,
    0xff, 0xff, 0xac, 0x0, 0x67, 0xff, 0xb6, 0x64,
    0x55, 0x6b, 0xd0, 0xff, 0x7b, 0x1b, 0x0, 0xb3,
    0xe8, 0x3, 0x0, 0x0, 0x0, 0x20, 0xff, 0x83,
    0x0, 0x0, 0xba, 0xdc, 0x0, 0x0, 0x0, 0x0,
    0x10, 0xff, 0x89, 0x0, 0x0, 0x84, 0xff, 0x79,
    0x23, 0x15, 0x2b, 0xa0, 0xff, 0x53, 0x0, 0x0,
    0xb, 0xe3, 0xff, 0xff, 0xff, 0xff, 0xf9, 0x8c,
    0x1, 0x0, 0x0, 0x18, 0xf9, 0x4b, 0x32, 0x3c,
    0x2f, 0x8, 0x0, 0x0, 0x0, 0x0, 0x38, 0xff,
    0x9a, 0x36, 0xe, 0x0, 0x0, 0x0, 0x0, 0x0,
    0x0, 0x3, 0xff, 0xff, 0xff, 0xff, 0xe7, 0xbe,
    0x7f, 0x10, 0x0, 0x0, 0x95, 0xec, 0x3b, 0x39,
    0x5b, 0x7d, 0xac, 0xfd, 0xc8, 0x0, 0x16, 0xff,
    0x8d, 0x0, 0x0, 0x0, 0x0, 0x0, 0x98, 0xff,
    0x17, 0x26, 0xff, 0x95, 0x0, 0x0, 0x0, 0x0,
    0x0, 0x9c, 0xff, 0x19, 0x3, 0xdf, 0xfb, 0xa1,
    0x79, 0x71, 0x7a, 0xa6, 0xfd, 0xd2, 0x0, 0x0,
    0x23, 0xa2, 0xdf, 0xf7, 0xfe, 0xf5, 0xdb, 0x9d,
    0x1d, 0x0,

    /* U+0068 "h" */
    0x70, 0xff, 0x44, 0x0, 0x0, 0x0, 0x0, 0x0,
    0x0, 0x0, 0x70, 0xff, 0x45, 0x0, 0x0, 0x0,
    0x0, 0x0, 0x0, 0x0, 0x70, 0xff, 0x46, 0x0,
    0x0, 0x0, 0x0, 0x0, 0x0, 0x0, 0x70, 0xff,
    0x47, 0x0, 0x0, 0x0, 0x0, 0x0, 0x0, 0x0,
    0x70, 0xff, 0x41, 0x20, 0x93, 0xdf, 0xf7, 0xd1,
    0x3f, 0x0, 0x70, 0xff, 0xa3, 0xf9, 0xc7, 0x84,
    0x8d, 0xf9, 0xe4, 0x0, 0x70, 0xff, 0xff, 0x3f,
    0x0, 0x0, 0x0, 0xae, 0xff, 0x17, 0x70, 0xff,
    0x45, 0x0, 0x0, 0x0, 0x0, 0x98, 0xff, 0x20,
    0x70, 0xff, 0x44, 0x0, 0x0, 0x0, 0x0, 0x98,
    0xff, 0x20, 0x70, 0xff, 0x44, 0x0, 0x0, 0x0,
    0x0, 0x98, 0xff, 0x20, 0x70, 0xff, 0x44, 0x0,
    0x0, 0x0, 0x0, 0x98, 0xff, 0x20, 0x70, 0xff,
    0x44, 0x0, 0x0, 0x0, 0x0, 0x98, 0xff, 0x20,
    0x70, 0xff, 0x44, 0x0, 0x0, 0x0, 0x0, 0x98,
    0xff, 0x20, 0x70, 0xff, 0x44, 0x0, 0x0, 0x0,
    0x0, 0x98, 0xff, 0x20,

    /* U+0069 "i" */
    0x5e, 0xff, 0x56, 0x6b, 0xff, 0x63, 0x8, 0x2f,
    0x7, 0x0, 0x0, 0x0, 0x5c, 0xff, 0x50, 0x5c,
    0xff, 0x50, 0x5c, 0xff, 0x50, 0x5c, 0xff, 0x50,
    0x5c, 0xff, 0x50, 0x5c, 0xff, 0x50, 0x5c, 0xff,
    0x50, 0x5c, 0xff, 0x50, 0x5c, 0xff, 0x50, 0x5c,
    0xff, 0x50,

    /* U+006A "j" */
    0x0, 0x56, 0xff, 0x5b, 0x0, 0x63, 0xff, 0x67,
    0x0, 0x7, 0x2f, 0x8, 0x0, 0x0, 0x0, 0x0,
    0x0, 0x58, 0xff, 0x5c, 0x0, 0x58, 0xff, 0x5c,
    0x0, 0x58, 0xff, 0x5c, 0x0, 0x58, 0xff, 0x5c,
    0x0, 0x58, 0xff, 0x5c, 0x0, 0x58, 0xff, 0x5c,
    0x0, 0x58, 0xff, 0x5c, 0x0, 0x58, 0xff, 0x5c,
    0x0, 0x58, 0xff, 0x5c, 0x0, 0x58, 0xff, 0x5b,
    0x0, 0x62, 0xff, 0x47, 0x0, 0x95, 0xfb, 0x18,
    0x1c, 0xf2, 0x9c, 0x0, 0x1d, 0x95, 0x9, 0x0,

    /* U+006B "k" */
    0x70, 0xff, 0x43, 0x0, 0x0, 0x0, 0x0, 0x0,
    0x0, 0x70, 0xff, 0x44, 0x0, 0x0, 0x0, 0x0,
    0x0, 0x0, 0x70, 0xff, 0x45, 0x0, 0x0, 0x0,
    0x0, 0x0, 0x0, 0x70, 0xff, 0x45, 0x0, 0x0,
    0x0, 0x0, 0x0, 0x0, 0x70, 0xff, 0x46, 0x0,
    0x0, 0x9, 0xcf, 0xf3, 0x2a, 0x70, 0xff, 0x47,
    0x0, 0x0, 0xa1, 0xff, 0x54, 0x0, 0x70, 0xff,
    0x44, 0x0, 0x6b, 0xff, 0x8a, 0x0, 0x0, 0x70,
    0xff, 0x39, 0x3d, 0xfa, 0xbc, 0x3, 0x0, 0x0,
    0x70, 0xff, 0xff, 0xff, 0xf1, 0x14, 0x0, 0x0,
    0x0, 0x70, 0xff, 0x66, 0x7f, 0xff, 0x84, 0x0,
    0x0, 0x0, 0x70, 0xff, 0x41, 0x0, 0x9b, 0xfd,
    0x44, 0x0, 0x0, 0x70, 0xff, 0x44, 0x0, 0xb,
    0xdb, 0xe8, 0x17, 0x0, 0x70, 0xff, 0x44, 0x0,
    0x0, 0x37, 0xfb, 0xba, 0x1, 0x70, 0xff, 0x44,
    0x0, 0x0, 0x0, 0x7e, 0xff, 0x79,

    /* U+006C "l" */
    0x6c, 0xff, 0x44, 0x0, 0x0, 0x6c, 0xff, 0x44,
    0x0, 0x0, 0x6c, 0xff, 0x44, 0x0, 0x0, 0x6c,
    0xff, 0x44, 0x0, 0x0, 0x6c, 0xff, 0x44, 0x0,
    0x0, 0x6c, 0xff, 0x44, 0x0, 0x0, 0x6c, 0xff,
    0x44, 0x0, 0x0, 0x6c, 0xff, 0x44, 0x0, 0x0,
    0x6c, 0xff, 0x44, 0x0, 0x0, 0x6c, 0xff, 0x44,
    0x0, 0x0, 0x6c, 0xff, 0x44, 0x0, 0x0, 0x68,
    0xff, 0x57, 0x0, 0x0, 0x3c, 0xff, 0xe8, 0x96,
    0x54, 0x0, 0x83, 0xec, 0xf6, 0x92,

    /* U+006D "m" */
    0x70, 0xfa, 0x0, 0x3a, 0xb1, 0xef, 0xed, 0x98,
    0x3, 0x11, 0x87, 0xde, 0xf6, 0xc7, 0x2c, 0x0,
    0x70, 0xff, 0x97, 0xf9, 0xa5, 0x7e, 0xcb, 0xff,
    0x9d, 0xe8, 0xcb, 0x83, 0x9d, 0xff, 0xc7, 0x0,
    0x70, 0xff, 0xf9, 0x23, 0x0, 0x0, 0x20, 0xff,
    0xff, 0x5d, 0x0, 0x0, 0x0, 0xc7, 0xf9, 0x1,
    0x70, 0xff, 0x45, 0x0, 0x0, 0x0, 0x4, 0xff,
    0xa1, 0x0, 0x0, 0x0, 0x0, 0xa8, 0xff, 0x4,
    0x70, 0xff, 0x44, 0x0, 0x0, 0x0, 0x4, 0xff,
    0xa0, 0x0, 0x0, 0x0, 0x0, 0xa8, 0xff, 0x4,
    0x70, 0xff, 0x44, 0x0, 0x0, 0x0, 0x4, 0xff,
    0xa0, 0x0, 0x0, 0x0, 0x0, 0xa8, 0xff, 0x4,
    0x70, 0xff, 0x44, 0x0, 0x0, 0x0, 0x4, 0xff,
    0xa0, 0x0, 0x0, 0x0, 0x0, 0xa8, 0xff, 0x4,
    0x70, 0xff, 0x44, 0x0, 0x0, 0x0, 0x4, 0xff,
    0xa0, 0x0, 0x0, 0x0, 0x0, 0xa8, 0xff, 0x4,
    0x70, 0xff, 0x44, 0x0, 0x0, 0x0, 0x4, 0xff,
    0xa0, 0x0, 0x0, 0x0, 0x0, 0xa8, 0xff, 0x4,
    0x70, 0xff, 0x44, 0x0, 0x0, 0x0, 0x4, 0xff,
    0xa0, 0x0, 0x0, 0x0, 0x0, 0xa8, 0xff, 0x4,

    /* U+006E "n" */
    0x70, 0xff, 0x8, 0x21, 0x93, 0xdf, 0xf7, 0xd1,
    0x3f, 0x0, 0x70, 0xff, 0x92, 0xf9, 0xcb, 0x84,
    0x8d, 0xf9, 0xe4, 0x0, 0x70, 0xff, 0xff, 0x45,
    0x0, 0x0, 0x0, 0xab, 0xff, 0x17, 0x70, 0xff,
    0x45, 0x0, 0x0, 0x0, 0x0, 0x94, 0xff, 0x20,
    0x70, 0xff, 0x44, 0x0, 0x0, 0x0, 0x0, 0x94,
    0xff, 0x20, 0x70, 0xff, 0x44, 0x0, 0x0, 0x0,
    0x0, 0x94, 0xff, 0x20, 0x70, 0xff, 0x44, 0x0,
    0x0, 0x0, 0x0, 0x94, 0xff, 0x20, 0x70, 0xff,
    0x44, 0x0, 0x0, 0x0, 0x0, 0x94, 0xff, 0x20,
    0x70, 0xff, 0x44, 0x0, 0x0, 0x0, 0x0, 0x94,
    0xff, 0x20, 0x70, 0xff, 0x44, 0x0, 0x0, 0x0,
    0x0, 0x94, 0xff, 0x20,

    /* U+006F "o" */
    0x0, 0x2d, 0xab, 0xe6, 0xf9, 0xee, 0xc7, 0x62,
    0x0, 0x0, 0x21, 0xf5, 0xf8, 0x9d, 0x7a, 0x89,
    0xdc, 0xff, 0x73, 0x0, 0x90, 0xff, 0x58, 0x0,
    0x0, 0x0, 0xe, 0xe9, 0xea, 0x1, 0xca, 0xfa,
    0x7, 0x0, 0x0, 0x0, 0x0, 0xa1, 0xff, 0x25,
    0xdf, 0xe6, 0x0, 0x0, 0x0, 0x0, 0x0, 0x87,
    0xff, 0x3b, 0xe0, 0xe6, 0x0, 0x0, 0x0, 0x0,
    0x0, 0x87, 0xff, 0x3a, 0xca, 0xfa, 0x7, 0x0,
    0x0, 0x0, 0x0, 0xa1, 0xff, 0x25, 0x90, 0xff,
    0x58, 0x0, 0x0, 0x0, 0xe, 0xe9, 0xea, 0x1,
    0x22, 0xf5, 0xf8, 0x9d, 0x79, 0x89, 0xdc, 0xff,
    0x73, 0x0, 0x0, 0x2e, 0xab, 0xe6, 0xfa, 0xef,
    0xc7, 0x62, 0x0, 0x0,

    /* U+0070 "p" */
    0x70, 0xfc, 0x2, 0x39, 0xab, 0xe5, 0xf6, 0xb7,
    0x1f, 0x0, 0x70, 0xff, 0x97, 0xfa, 0xaf, 0x84,
    0xb2, 0xff, 0xca, 0x0, 0x70, 0xff, 0xdf, 0x28,
    0x0, 0x0, 0x0, 0xb1, 0xff, 0x2e, 0x70, 0xff,
    0x44, 0x0, 0x0, 0x0, 0x0, 0x63, 0xff, 0x60,
    0x70, 0xff, 0x44, 0x0, 0x0, 0x0, 0x0, 0x4b,
    0xff, 0x75, 0x70, 0xff, 0x44, 0x0, 0x0, 0x0,
    0x0, 0x49, 0xff, 0x74, 0x70, 0xff, 0x44, 0x0,
    0x0, 0x0, 0x0, 0x5f, 0xff, 0x63, 0x70, 0xff,
    0x45, 0x0, 0x0, 0x0, 0x0, 0xaa, 0xff, 0x31,
    0x70, 0xff, 0xff, 0xb7, 0x8e, 0x7e, 0xb1, 0xff,
    0xcb, 0x1, 0x70, 0xff, 0x65, 0x9a, 0xd5, 0xf5,
    0xed, 0xab, 0x19, 0x0, 0x70, 0xff, 0x41, 0x0,
    0x0, 0x0, 0x0, 0x0, 0x0, 0x0, 0x70, 0xff,
    0x43, 0x0, 0x0, 0x0, 0x0, 0x0, 0x0, 0x0,
    0x70, 0xff, 0x44, 0x0, 0x0, 0x0, 0x0, 0x0,
    0x0, 0x0, 0x70, 0xff, 0x44, 0x0, 0x0, 0x0,
    0x0, 0x0, 0x0, 0x0,

    /* U+0071 "q" */
    0x0, 0x2f, 0xb0, 0xeb, 0xfd, 0xff, 0xfc, 0xff,
    0xff, 0x23, 0xf3, 0xf4, 0x97, 0x78, 0x81, 0xa2,
    0xff, 0xe3, 0x95, 0xff, 0x4d, 0x0, 0x0, 0x0,
    0x0, 0xd0, 0xe0, 0xcc, 0xf6, 0x3, 0x0, 0x0,
    0x0, 0x0, 0xd0, 0xe0, 0xe2, 0xdf, 0x0, 0x0,
    0x0, 0x0, 0x0, 0xd0, 0xe0, 0xe3, 0xdf, 0x0,
    0x0, 0x0, 0x0, 0x0, 0xd0, 0xe0, 0xd0, 0xf3,
    0x1, 0x0, 0x0, 0x0, 0x0, 0xd0, 0xe0, 0xa1,
    0xff, 0x42, 0x0, 0x0, 0x0, 0x57, 0xff, 0xe0,
    0x40, 0xff, 0xee, 0x97, 0x8e, 0xd2, 0xe8, 0xf1,
    0xe0, 0x0, 0x61, 0xdd, 0xf7, 0xd7, 0x84, 0x15,
    0xcf, 0xe0, 0x0, 0x0, 0x0, 0x0, 0x0, 0x0,
    0x0, 0xd6, 0xe0, 0x0, 0x0, 0x0, 0x0, 0x0,
    0x0, 0x0, 0xd6, 0xe0, 0x0, 0x0, 0x0, 0x0,
    0x0, 0x0, 0x0, 0xd4, 0xe0, 0x0, 0x0, 0x0,
    0x0, 0x0, 0x0, 0x0, 0xd1, 0xe0,

    /* U+0072 "r" */
    0x70, 0xec, 0x0, 0x2d, 0xa2, 0xe8, 0x96, 0x70,
    0xff, 0x8d, 0xfd, 0xde, 0xa7, 0x4c, 0x70, 0xff,
    0xf1, 0x44, 0x0, 0x0, 0x0, 0x70, 0xff, 0x44,
    0x0, 0x0, 0x0, 0x0, 0x70, 0xff, 0x44, 0x0,
    0x0, 0x0, 0x0, 0x70, 0xff, 0x44, 0x0, 0x0,
    0x0, 0x0, 0x70, 0xff, 0x44, 0x0, 0x0, 0x0,
    0x0, 0x70, 0xff, 0x44, 0x0, 0x0, 0x0, 0x0,
    0x70, 0xff, 0x44, 0x0, 0x0, 0x0, 0x0, 0x70,
    0xff, 0x44, 0x0, 0x0, 0x0, 0x0,

    /* U+0073 "s" */
    0x32, 0xba, 0xec, 0xfc, 0xff, 0xfa, 0xea, 0xb0,
    0x0, 0xd2, 0xf7, 0x8d, 0x73, 0x70, 0x70, 0x70,
    0x58, 0x0, 0xf9, 0xb1, 0x0, 0x0, 0x0, 0x0,
    0x0, 0x0, 0x0, 0xe3, 0xe0, 0x25, 0x0, 0x0,
    0x0, 0x0, 0x0, 0x0, 0x59, 0xf6, 0xff, 0xe0,
    0xa7, 0x6f, 0x24, 0x0, 0x0, 0x0, 0x11, 0x54,
    0x8e, 0xc8, 0xfa, 0xff, 0x85, 0x0, 0x0, 0x0,
    0x0, 0x0, 0x0, 0x11, 0xba, 0xfe, 0x13, 0x0,
    0x0, 0x0, 0x0, 0x0, 0x0, 0x84, 0xff, 0x27,
    0x52, 0x74, 0x74, 0x74, 0x79, 0x97, 0xf4, 0xee,
    0x8, 0x9b, 0xe5, 0xfc, 0xff, 0xfb, 0xec, 0xbf,
    0x3e, 0x0,

    /* U+0074 "t" */
    0x0, 0x0, 0xb4, 0xff, 0x0, 0x0, 0x0, 0x0,
    0x0, 0x0, 0xb4, 0xff, 0x0, 0x0, 0x0, 0x0,
    0x0, 0x0, 0xb4, 0xff, 0x0, 0x0, 0x0, 0x0,
    0x74, 0xff, 0xff, 0xff, 0xff, 0xff, 0xff, 0x18,
    0x20, 0x48, 0xfc, 0xff, 0x48, 0x48, 0x48, 0x6,
    0x0, 0x0, 0xb4, 0xff, 0x0, 0x0, 0x0, 0x0,
    0x0, 0x0, 0xb4, 0xff, 0x0, 0x0, 0x0, 0x0,
    0x0, 0x0, 0xb4, 0xff, 0x0, 0x0, 0x0, 0x0,
    0x0, 0x0, 0xb4, 0xff, 0x0, 0x0, 0x0, 0x0,
    0x0, 0x0, 0xb4, 0xff, 0x0, 0x0, 0x0, 0x0,
    0x0, 0x0, 0xab, 0xff, 0x10, 0x0, 0x0, 0x0,
    0x0, 0x0, 0x7a, 0xff, 0xc8, 0x91, 0x78, 0x0,
    0x0, 0x0, 0xc, 0xa9, 0xf3, 0xf4, 0xc9, 0x0,

    /* U+0075 "u" */
    0x80, 0xff, 0x34, 0x0, 0x0, 0x0, 0x0, 0xdc,
    0xd8, 0x80, 0xff, 0x34, 0x0, 0x0, 0x0, 0x0,
    0xdc, 0xd8, 0x80, 0xff, 0x34, 0x0, 0x0, 0x0,
    0x0, 0xdc, 0xd8, 0x80, 0xff, 0x34, 0x0, 0x0,
    0x0, 0x0, 0xdc, 0xd8, 0x80, 0xff, 0x34, 0x0,
    0x0, 0x0, 0x0, 0xdc, 0xd8, 0x80, 0xff, 0x34,
    0x0, 0x0, 0x0, 0x0, 0xdc, 0xd8, 0x80, 0xff,
    0x34, 0x0, 0x0, 0x0, 0x0, 0xdc, 0xd8, 0x77,
    0xff, 0x4c, 0x0, 0x0, 0x9, 0x7d, 0xff, 0xd8,
    0x46, 0xff, 0xde, 0x86, 0x97, 0xe7, 0xdd, 0xd7,
    0xd8, 0x0, 0x84, 0xe8, 0xf6, 0xcd, 0x72, 0x8,
    0x8f, 0xd8,

    /* U+0076 "v" */
    0x75, 0xff, 0x5b, 0x0, 0x0, 0x0, 0x0, 0x0,
    0xc0, 0xf7, 0x10, 0x18, 0xfc, 0xb2, 0x0, 0x0,
    0x0, 0x0, 0x1a, 0xfd, 0xa8, 0x0, 0x0, 0xb6,
    0xf9, 0x10, 0x0, 0x0, 0x0, 0x6f, 0xff, 0x49,
    0x0, 0x0, 0x56, 0xff, 0x60, 0x0, 0x0, 0x0,
    0xc7, 0xe6, 0x3, 0x0, 0x0, 0x7, 0xef, 0xb7,
    0x0, 0x0, 0x1f, 0xfe, 0x8a, 0x0, 0x0, 0x0,
    0x0, 0x98, 0xfb, 0x13, 0x0, 0x76, 0xff, 0x2b,
    0x0, 0x0, 0x0, 0x0, 0x38, 0xff, 0x65, 0x0,
    0xce, 0xcb, 0x0, 0x0, 0x0, 0x0, 0x0, 0x0,
    0xd8, 0xbb, 0x24, 0xff, 0x6c, 0x0, 0x0, 0x0,
    0x0, 0x0, 0x0, 0x7a, 0xfc, 0x9a, 0xf9, 0x13,
    0x0, 0x0, 0x0, 0x0, 0x0, 0x0, 0x1b, 0xf2,
    0xff, 0xa1, 0x0, 0x0, 0x0, 0x0,

    /* U+0077 "w" */
    0x5a, 0xff, 0x66, 0x0, 0x0, 0x0, 0x1e, 0xf4,
    0xff, 0x8f, 0x0, 0x0, 0x0, 0x1, 0xe9, 0xd5,
    0x11, 0xfb, 0xac, 0x0, 0x0, 0x0, 0x62, 0xfc,
    0x99, 0xdf, 0x0, 0x0, 0x0, 0x31, 0xff, 0x88,
    0x0, 0xc1, 0xee, 0x3, 0x0, 0x0, 0x9f, 0xce,
    0x57, 0xff, 0x1b, 0x0, 0x0, 0x77, 0xff, 0x3c,
    0x0, 0x74, 0xff, 0x38, 0x0, 0x0, 0xdc, 0x93,
    0x1b, 0xff, 0x58, 0x0, 0x0, 0xbd, 0xec, 0x3,
    0x0, 0x27, 0xff, 0x7e, 0x0, 0x18, 0xff, 0x58,
    0x0, 0xe0, 0x94, 0x0, 0xa, 0xf8, 0xa2, 0x0,
    0x0, 0x0, 0xda, 0xc3, 0x0, 0x55, 0xff, 0x1d,
    0x0, 0xa4, 0xd1, 0x0, 0x48, 0xff, 0x56, 0x0,
    0x0, 0x0, 0x8e, 0xfb, 0xe, 0x92, 0xe1, 0x0,
    0x0, 0x68, 0xfd, 0x10, 0x8e, 0xfa, 0xf, 0x0,
    0x0, 0x0, 0x41, 0xff, 0x4d, 0xce, 0xa6, 0x0,
    0x0, 0x2c, 0xff, 0x49, 0xd2, 0xbc, 0x0, 0x0,
    0x0, 0x0, 0x4, 0xf0, 0x9a, 0xfc, 0x6b, 0x0,
    0x0, 0x1, 0xee, 0x98, 0xfe, 0x70, 0x0, 0x0,
    0x0, 0x0, 0x0, 0x98, 0xff, 0xf4, 0x24, 0x0,
    0x0, 0x0, 0xa1, 0xff, 0xf3, 0x1f, 0x0, 0x0,

    /* U+0078 "x" */
    0x11, 0xe7, 0xd5, 0x6, 0x0, 0x0, 0x0, 0x4d,
    0xff, 0x88, 0x0, 0x0, 0x52, 0xff, 0x7f, 0x0,
    0x0, 0xc, 0xe2, 0xd9, 0x8, 0x0, 0x0, 0x0,
    0xac, 0xf8, 0x28, 0x0, 0x92, 0xfe, 0x3d, 0x0,
    0x0, 0x0, 0x0, 0x17, 0xee, 0xcd, 0x47, 0xff,
    0x95, 0x0, 0x0, 0x0, 0x0, 0x0, 0x0, 0x74,
    0xff, 0xff, 0xff, 0xe, 0x0, 0x0, 0x0, 0x0,
    0x0, 0x2, 0xcb, 0xff, 0xb9, 0xff, 0x5d, 0x0,
    0x0, 0x0, 0x0, 0x0, 0x6b, 0xff, 0x62, 0x2,
    0xce, 0xe8, 0xf, 0x0, 0x0, 0x0, 0x16, 0xef,
    0xc9, 0x1, 0x0, 0x3a, 0xfe, 0x93, 0x0, 0x0,
    0x0, 0xa3, 0xfd, 0x35, 0x0, 0x0, 0x0, 0xa1,
    0xfc, 0x31, 0x0, 0x3e, 0xff, 0x9b, 0x0, 0x0,
    0x0, 0x0, 0x17, 0xf0, 0xc8, 0x1,

    /* U+0079 "y" */
    0x75, 0xff, 0x5b, 0x0, 0x0, 0x0, 0x0, 0x0,
    0xd1, 0xf5, 0xd, 0x19, 0xfc, 0xb4, 0x0, 0x0,
    0x0, 0x0, 0x29, 0xff, 0xa3, 0x0, 0x0, 0xb6,
    0xfa, 0x12, 0x0, 0x0, 0x0, 0x82, 0xff, 0x43,
    0x0, 0x0, 0x57, 0xff, 0x65, 0x0, 0x0, 0x0,
    0xda, 0xe1, 0x1, 0x0, 0x0, 0x8, 0xef, 0xbe,
    0x0, 0x0, 0x34, 0xff, 0x83, 0x0, 0x0, 0x0,
    0x0, 0x99, 0xfd, 0x19, 0x0, 0x8d, 0xff, 0x24,
    0x0, 0x0, 0x0, 0x0, 0x3a, 0xff, 0x6f, 0x2,
    0xe4, 0xc3, 0x0, 0x0, 0x0, 0x0, 0x0, 0x0,
    0xda, 0xc6, 0x3f, 0xff, 0x63, 0x0, 0x0, 0x0,
    0x0, 0x0, 0x0, 0x7c, 0xfe, 0xc8, 0xf5, 0xd,
    0x0, 0x0, 0x0, 0x0, 0x0, 0x0, 0x1d, 0xfd,
    0xff, 0xa3, 0x0, 0x0, 0x0, 0x0, 0x0, 0x0,
    0x0, 0x0, 0x68, 0xff, 0x3e, 0x0, 0x0, 0x0,
    0x0, 0x0, 0x0, 0x0, 0x1e, 0xea, 0xc6, 0x0,
    0x0, 0x0, 0x0, 0x0, 0x0, 0x4, 0x67, 0xe9,
    0xef, 0x24, 0x0, 0x0, 0x0, 0x0, 0x0, 0x0,
    0x9, 0xf2, 0xb3, 0x20, 0x0, 0x0, 0x0, 0x0,
    0x0, 0x0,

    /* U+007A "z" */
    0x0, 0xf4, 0xff, 0xff, 0xff, 0xff, 0xff, 0xff,
    0xff, 0x28, 0x0, 0x5f, 0x64, 0x64, 0x64, 0x64,
    0x6e, 0xf5, 0xeb, 0x13, 0x0, 0x0, 0x0, 0x0,
    0x0, 0x2, 0xaf, 0xf7, 0x3a, 0x0, 0x0, 0x0,
    0x0, 0x0, 0x0, 0x90, 0xfe, 0x56, 0x0, 0x0,
    0x0, 0x0, 0x0, 0x0, 0x6d, 0xff, 0x76, 0x0,
    0x0, 0x0, 0x0, 0x0, 0x0, 0x4e, 0xfd, 0x98,
    0x0, 0x0, 0x0, 0x0, 0x0, 0x0, 0x34, 0xf5,
    0xb6, 0x3, 0x0, 0x0, 0x0, 0x0, 0x0, 0x1f,
    0xe7, 0xd0, 0xc, 0x0, 0x0, 0x0, 0x0, 0x0,
    0x1, 0xd8, 0xff, 0x7b, 0x60, 0x60, 0x60, 0x60,
    0x60, 0x15, 0x4, 0xff, 0xff, 0xff, 0xff, 0xff,
    0xff, 0xff, 0xff, 0x38,

    /* U+007B "{" */
    0x0, 0x0, 0x0, 0x2e, 0x6a, 0x39, 0x0, 0x0,
    0x67, 0xff, 0xd9, 0x5a, 0x0, 0x0, 0xd5, 0xdf,
    0x3, 0x0, 0x0, 0x0, 0xeb, 0xb9, 0x0, 0x0,
    0x0, 0x0, 0xec, 0xb8, 0x0, 0x0, 0x0, 0x0,
    0xec, 0xb8, 0x0, 0x0, 0x0, 0x0, 0xec, 0xb7,
    0x0, 0x0, 0x0, 0x0, 0xf1, 0xae, 0x0, 0x0,
    0x6, 0x8e, 0xfe, 0x55, 0x0, 0x0, 0x13, 0xff,
    0x9d, 0x7, 0x0, 0x0, 0x0, 0x3a, 0xf7, 0x8e,
    0x0, 0x0, 0x0, 0x0, 0xd9, 0xc8, 0x0, 0x0,
    0x0, 0x0, 0xd8, 0xcc, 0x0, 0x0, 0x0, 0x0,
    0xd8, 0xcc, 0x0, 0x0, 0x0, 0x0, 0xd8, 0xcc,
    0x0, 0x0, 0x0, 0x0, 0xd8, 0xcc, 0x0, 0x0,
    0x0, 0x0, 0xd4, 0xd1, 0x0, 0x0, 0x0, 0x0,
    0xab, 0xf9, 0x38, 0x1, 0x0, 0x0, 0x22, 0xca,
    0xff, 0x96, 0x0, 0x0, 0x0, 0x0, 0x11, 0x15,

    /* U+007C "|" */
    0x28, 0xff, 0x14, 0x28, 0xff, 0x14, 0x28, 0xff,
    0x14, 0x28, 0xff, 0x14, 0x28, 0xff, 0x14, 0x28,
    0xff, 0x14, 0x28, 0xff, 0x14, 0x28, 0xff, 0x14,
    0x28, 0xff, 0x14, 0x28, 0xff, 0x14, 0x28, 0xff,
    0x14, 0x28, 0xff, 0x14, 0x28, 0xff, 0x14, 0x28,
    0xff, 0x14, 0x28, 0xff, 0x14, 0x28, 0xff, 0x14,
    0x28, 0xff, 0x14, 0x28, 0xff, 0x14, 0x28, 0xff,
    0x14,

    /* U+007D "}" */
    0xd, 0x6e, 0x51, 0x5, 0x0, 0x0, 0x15, 0xbc,
    0xfc, 0xc8, 0x2, 0x0, 0x0, 0x0, 0x7b, 0xff,
    0x38, 0x0, 0x0, 0x0, 0x51, 0xff, 0x4f, 0x0,
    0x0, 0x0, 0x50, 0xff, 0x50, 0x0, 0x0, 0x0,
    0x50, 0xff, 0x50, 0x0, 0x0, 0x0, 0x4f, 0xff,
    0x50, 0x0, 0x0, 0x0, 0x46, 0xff, 0x55, 0x0,
    0x0, 0x0, 0xd, 0xdc, 0xcb, 0x2f, 0x0, 0x0,
    0x0, 0x4e, 0xef, 0x7a, 0x0, 0x0, 0x29, 0xfa,
    0x90, 0x6, 0x0, 0x0, 0x62, 0xff, 0x3d, 0x0,
    0x0, 0x0, 0x68, 0xff, 0x3c, 0x0, 0x0, 0x0,
    0x68, 0xff, 0x3c, 0x0, 0x0, 0x0, 0x68, 0xff,
    0x3c, 0x0, 0x0, 0x0, 0x68, 0xff, 0x3c, 0x0,
    0x0, 0x0, 0x6e, 0xff, 0x37, 0x0, 0x0, 0x11,
    0xbc, 0xfb, 0x13, 0x0, 0x32, 0xff, 0xee, 0x64,
    0x0, 0x0, 0x7, 0x1c, 0x2, 0x0, 0x0, 0x0,

    /* U+007E "~" */
    0x0, 0x50, 0x69, 0x34, 0x0, 0x0, 0x0, 0x6d,
    0x0, 0x4b, 0xfa, 0xee, 0xff, 0xdc, 0x88, 0x72,
    0xf1, 0x0, 0x78, 0x7e, 0x0, 0x34, 0x94, 0xdd,
    0xf4, 0x7a, 0x0,

    /* U+00A0 " " */

    /* U+00A1 "¡" */
    0x35, 0xf9, 0x56, 0x45, 0xff, 0x69, 0xa, 0x55,
    0x14, 0x0, 0x0, 0x0, 0x14, 0x94, 0x24, 0x2c,
    0xff, 0x4a, 0x37, 0xff, 0x57, 0x42, 0xff, 0x65,
    0x48, 0xff, 0x6c, 0x48, 0xff, 0x6c, 0x48, 0xff,
    0x6c, 0x48, 0xff, 0x6c, 0x48, 0xff, 0x6c, 0x48,
    0xff, 0x6c,

    /* U+00A2 "¢" */
    0x0, 0x0, 0x0, 0x0, 0xf, 0xdc, 0x0, 0x0,
    0x0, 0x0, 0x0, 0x0, 0x0, 0x24, 0xc5, 0x0,
    0x0, 0x0, 0x0, 0x2a, 0xa8, 0xe5, 0xff, 0xff,
    0xd1, 0x7f, 0x0, 0x1f, 0xf3, 0xfe, 0xb8, 0xe1,
    0xff, 0x8b, 0x6c, 0x0, 0x8f, 0xff, 0x5f, 0x0,
    0x68, 0x83, 0x0, 0x0, 0x0, 0xca, 0xee, 0x1,
    0x0, 0x7d, 0x6e, 0x0, 0x0, 0x0, 0xe0, 0xce,
    0x0, 0x0, 0x92, 0x59, 0x0, 0x0, 0x0, 0xe6,
    0xc8, 0x0, 0x0, 0xa7, 0x44, 0x0, 0x0, 0x0,
    0xd5, 0xdd, 0x0, 0x0, 0xbc, 0x2f, 0x0, 0x0,
    0x0, 0xa7, 0xff, 0x25, 0x0, 0xd1, 0x1a, 0x0,
    0x0, 0x0, 0x48, 0xff, 0xd7, 0x54, 0xff, 0x26,
    0x2b, 0x3c, 0x0, 0x0, 0x73, 0xf3, 0xff, 0xff,
    0xff, 0xff, 0xe4, 0x0, 0x0, 0x0, 0x7, 0x4c,
    0xff, 0x43, 0x2a, 0x1, 0x0, 0x0, 0x0, 0x0,
    0x2f, 0xb5, 0x0, 0x0, 0x0, 0x0,

    /* U+00A3 "£" */
    0x0, 0x0, 0x56, 0xc6, 0xee, 0xfe, 0xff, 0xfc,
    0xca, 0x0, 0x0, 0x35, 0xff, 0xf0, 0x9a, 0x81,
    0x80, 0x80, 0x68, 0x0, 0x0, 0x76, 0xff, 0x5e,
    0x0, 0x0, 0x0, 0x0, 0x0, 0x0, 0x0, 0x7e,
    0xff, 0x3c, 0x0, 0x0, 0x0, 0x0, 0x0, 0x0,
    0x0, 0x73, 0xff, 0x46, 0x0, 0x0, 0x0, 0x0,
    0x0, 0x0, 0x0, 0x64, 0xff, 0x56, 0x0, 0x0,
    0x0, 0x0, 0x0, 0x0, 0xd7, 0xff, 0xff, 0xff,
    0xf8, 0xf8, 0xf8, 0x95, 0x0, 0x0, 0x22, 0x6f,
    0xff, 0x9f, 0x28, 0x28, 0x28, 0x17, 0x0, 0x0,
    0x0, 0x38, 0xff, 0x86, 0x0, 0x0, 0x0, 0x0,
    0x0, 0x0, 0x0, 0x36, 0xff, 0x7e, 0x0, 0x0,
    0x0, 0x0, 0x0, 0x0, 0x0, 0x53, 0xff, 0x5e,
    0x0, 0x0, 0x0, 0x0, 0x0, 0x0, 0x0, 0xb5,
    0xee, 0xf, 0x0, 0x0, 0x0, 0x0, 0x0, 0x0,
    0x98, 0xff, 0xb0, 0x7c, 0x7c, 0x7c, 0x7c, 0x7c,
    0x7c, 0x2c, 0xc4, 0xff, 0xff, 0xff, 0xff, 0xff,
    0xff, 0xff, 0xff, 0x5c,

    /* U+00A4 "¤" */
    0x17, 0x37, 0x0, 0x0, 0x0, 0x0, 0x0, 0x0,
    0x42, 0xc, 0x4e, 0xee, 0x53, 0x9c, 0xdd, 0xd8,
    0x8b, 0x5a, 0xef, 0x37, 0x0, 0x76, 0xff, 0x8a,
    0x2b, 0x34, 0xa8, 0xff, 0x4c, 0x0, 0x0, 0xa4,
    0x85, 0x0, 0x0, 0x0, 0x0, 0xb4, 0x7b, 0x0,
    0x0, 0xec, 0x21, 0x0, 0x0, 0x0, 0x0, 0x4e,
    0xc4, 0x0, 0x0, 0xf3, 0x18, 0x0, 0x0, 0x0,
    0x0, 0x45, 0xcb, 0x0, 0x0, 0xba, 0x67, 0x0,
    0x0, 0x0, 0x0, 0x97, 0x92, 0x0, 0x0, 0x79,
    0xff, 0x57, 0x3, 0x9, 0x75, 0xff, 0x3c, 0x0,
    0x41, 0xf4, 0xa5, 0xd3, 0xfa, 0xfc, 0xc1, 0xa9,
    0xde, 0x1e, 0x36, 0x61, 0x0, 0x0, 0x12, 0xd,
    0x0, 0x0, 0x72, 0x25,

    /* U+00A5 "¥" */
    0x14, 0xf3, 0xc9, 0x0, 0x0, 0x0, 0x0, 0x0,
    0x0, 0x72, 0xff, 0x62, 0x0, 0x86, 0xff, 0x46,
    0x0, 0x0, 0x0, 0x0, 0x7, 0xe5, 0xdc, 0x4,
    0x0, 0x12, 0xf2, 0xc3, 0x0, 0x0, 0x0, 0x0,
    0x69, 0xff, 0x5f, 0x0, 0x0, 0x0, 0x83, 0xff,
    0x40, 0x0, 0x0, 0x4, 0xdf, 0xda, 0x3, 0x0,
    0x0, 0x0, 0x10, 0xf0, 0xbd, 0x0, 0x0, 0x61,
    0xff, 0x5c, 0x0, 0x0, 0x0, 0x0, 0x0, 0x80,
    0xff, 0x3b, 0x2, 0xd9, 0xd8, 0x3, 0x0, 0x0,
    0x0, 0x0, 0x0, 0xf, 0xef, 0xae, 0x4c, 0xff,
    0x59, 0x0, 0x0, 0x0, 0x0, 0x0, 0x0, 0x0,
    0x7d, 0xfb, 0xc9, 0xd5, 0x2, 0x0, 0x0, 0x0,
    0x0, 0x25, 0xd8, 0xd8, 0xe5, 0xff, 0xff, 0xff,
    0xd8, 0xd8, 0x87, 0x0, 0x0, 0x0, 0x0, 0x0,
    0x0, 0xd7, 0xff, 0x11, 0x0, 0x0, 0x0, 0x0,
    0x0, 0x28, 0xe8, 0xe8, 0xe8, 0xff, 0xff, 0xf8,
    0xe8, 0xe8, 0x91, 0x0, 0x0, 0x3, 0x18, 0x18,
    0x18, 0xcc, 0xff, 0x28, 0x18, 0x18, 0xf, 0x0,
    0x0, 0x0, 0x0, 0x0, 0x0, 0xb4, 0xff, 0x10,
    0x0, 0x0, 0x0, 0x0, 0x0, 0x0, 0x0, 0x0,
    0x0, 0xb4, 0xff, 0x10, 0x0, 0x0, 0x0, 0x0,

    /* U+00A6 "¦" */
    0x0, 0x4, 0x0, 0x24, 0xff, 0x18, 0x24, 0xff,
    0x18, 0x24, 0xff, 0x18, 0x24, 0xff, 0x18, 0x24,
    0xff, 0x18, 0x24, 0xff, 0x18, 0x24, 0xff, 0x18,
    0x24, 0xff, 0x18, 0x0, 0x0, 0x0, 0x0, 0x0,
    0x0, 0x0, 0x4, 0x0, 0x24, 0xff, 0x18, 0x24,
    0xff, 0x18, 0x24, 0xff, 0x18, 0x24, 0xff, 0x18,
    0x24, 0xff, 0x18, 0x24, 0xff, 0x18, 0x24, 0xff,
    0x18, 0x24, 0xff, 0x18,

    /* U+00A7 "§" */
    0xf, 0x99, 0xe0, 0xf8, 0xff, 0xff, 0xff, 0xf5,
    0x70, 0x91, 0xff, 0xc5, 0x7b, 0x6e, 0x6c, 0x6c,
    0x6c, 0x2f, 0xbb, 0xff, 0x1b, 0x0, 0x0, 0x0,
    0x0, 0x0, 0x0, 0x9a, 0xff, 0x56, 0x0, 0x0,
    0x0, 0x0, 0x0, 0x0, 0x28, 0xf3, 0xfa, 0x79,
    0x7, 0x0, 0x0, 0x0, 0x0, 0x0, 0x28, 0xc8,
    0xff, 0xdf, 0x58, 0x0, 0x0, 0x0, 0x5a, 0x92,
    0x1, 0x5e, 0xe5, 0xff, 0xc6, 0x26, 0x0, 0x96,
    0xd2, 0x0, 0x0, 0xb, 0x85, 0xfb, 0xe8, 0x14,
    0x8f, 0xfd, 0x22, 0x0, 0x0, 0x0, 0x62, 0xff,
    0x6d, 0x3f, 0xff, 0xda, 0x3b, 0x0, 0x0, 0x5,
    0xf2, 0x84, 0x0, 0x66, 0xf6, 0xff, 0xa8, 0x1e,
    0x0, 0xe1, 0x6c, 0x0, 0x0, 0x1f, 0xa6, 0xfe,
    0xf7, 0x81, 0x8, 0x1, 0x0, 0x0, 0x0, 0x0,
    0x35, 0xc5, 0xff, 0xc1, 0x5, 0x0, 0x0, 0x0,
    0x0, 0x0, 0x3, 0x9b, 0xff, 0x71, 0x0, 0x0,
    0x0, 0x0, 0x0, 0x0, 0x30, 0xff, 0xa1, 0xe,
    0x1c, 0x1c, 0x1c, 0x1e, 0x2b, 0x96, 0xff, 0x8a,
    0x92, 0xff, 0xff, 0xff, 0xff, 0xff, 0xff, 0xda,
    0x1f, 0x1c, 0x42, 0x4c, 0x4c, 0x4b, 0x44, 0x2c,
    0x1, 0x0,

    /* U+00A8 "¨" */
    0x0, 0xb, 0x0, 0x0, 0x7, 0x4, 0x5f, 0xfe,
    0x11, 0x0, 0xd3, 0x9f, 0x59, 0xf9, 0xf, 0x0,
    0xcc, 0x99,

    /* U+00A9 "©" */
    0x0, 0x0, 0x0, 0x5, 0x62, 0xb4, 0xdf, 0xe7,
    0xd8, 0x9f, 0x42, 0x0, 0x0, 0x0, 0x0, 0x0,
    0x0, 0x30, 0xd8, 0xa1, 0x3f, 0x8, 0x1, 0x12,
    0x54, 0xc4, 0xb2, 0x11, 0x0, 0x0, 0x0, 0x30,
    0xe3, 0x41, 0x1d, 0xaa, 0xec, 0xff, 0xfb, 0xdb,
    0x12, 0x78, 0xce, 0xc, 0x0, 0x4, 0xd7, 0x44,
    0x3, 0xd3, 0xd6, 0x57, 0x36, 0x34, 0x34, 0x0,
    0x0, 0x8c, 0x95, 0x0, 0x58, 0xac, 0x0, 0x35,
    0xff, 0x30, 0x0, 0x0, 0x0, 0x0, 0x0, 0x0,
    0xa, 0xe5, 0x15, 0xa3, 0x53, 0x0, 0x5e, 0xf7,
    0x1, 0x0, 0x0, 0x0, 0x0, 0x0, 0x0, 0x0,
    0x9b, 0x5e, 0xc4, 0x2c, 0x0, 0x6c, 0xea, 0x0,
    0x0, 0x0, 0x0, 0x0, 0x0, 0x0, 0x0, 0x74,
    0x7f, 0xc4, 0x2b, 0x0, 0x62, 0xf3, 0x0, 0x0,
    0x0, 0x0, 0x0, 0x0, 0x0, 0x0, 0x75, 0x7f,
    0xa4, 0x54, 0x0, 0x40, 0xff, 0x1e, 0x0, 0x0,
    0x0, 0x0, 0x0, 0x0, 0x0, 0x9d, 0x5e, 0x5a,
    0xae, 0x0, 0x7, 0xe4, 0xb0, 0x1d, 0x0, 0x0,
    0x7, 0x5, 0x0, 0xb, 0xe7, 0x16, 0x5, 0xd8,
    0x46, 0x0, 0x37, 0xd5, 0xff, 0xfd, 0xfc, 0xfc,
    0x46, 0x0, 0x8d, 0x97, 0x0, 0x0, 0x32, 0xe4,
    0x41, 0x0, 0x0, 0x16, 0x29, 0x23, 0x8, 0x0,
    0x78, 0xd1, 0xd, 0x0, 0x0, 0x0, 0x33, 0xd9,
    0xa1, 0x3f, 0xb, 0x0, 0x14, 0x54, 0xc5, 0xb4,
    0x12, 0x0, 0x0, 0x0, 0x0, 0x0, 0x6, 0x62,
    0xb5, 0xe1, 0xeb, 0xd9, 0xa0, 0x42, 0x0, 0x0,
    0x0, 0x0,

    /* U+00AA "ª" */
    0x47, 0xd9, 0xee, 0xf4, 0xe6, 0x90, 0x0, 0x13,
    0x35, 0x25, 0x24, 0x53, 0xfe, 0x3c, 0x0, 0x0,
    0x0, 0x0, 0x0, 0xed, 0x5a, 0x39, 0xcc, 0xd4,
    0xd0, 0xd0, 0xff, 0x5c, 0xae, 0xa7, 0x0, 0x0,
    0x0, 0xf6, 0x5c, 0xad, 0xb1, 0x9, 0x29, 0x96,
    0xff, 0x5c, 0x3c, 0xda, 0xf0, 0xbd, 0x41, 0xb7,
    0x5a,

    /* U+00AB "«" */
    0x0, 0x0, 0x0, 0x0, 0x9, 0x0, 0x0, 0xa,
    0x0, 0x0, 0x0, 0x0, 0x7b, 0xbb, 0x0, 0xa,
    0xcf, 0x58, 0x0, 0x0, 0x4c, 0xf9, 0x38, 0x0,
    0xa9, 0xcc, 0x5, 0x0, 0x28, 0xf1, 0x7f, 0x0,
    0x7a, 0xf5, 0x27, 0x0, 0x9, 0xd9, 0xc5, 0x3,
    0x45, 0xfd, 0x68, 0x0, 0x0, 0x8, 0xd2, 0xcd,
    0x5, 0x3e, 0xfc, 0x72, 0x0, 0x0, 0x0, 0x23,
    0xee, 0x84, 0x0, 0x72, 0xf8, 0x2c, 0x0, 0x0,
    0x0, 0x48, 0xfa, 0x3a, 0x0, 0xa6, 0xd0, 0x6,
    0x0, 0x0, 0x0, 0x7b, 0xc1, 0x0, 0xa, 0xd0,
    0x61, 0x0, 0x0, 0x0, 0x1, 0xd, 0x0, 0x0,
    0xe, 0x0,

    /* U+00AC "¬" */
    0x8, 0x10, 0x10, 0x10, 0x10, 0x10, 0x10, 0x11,
    0x20, 0x7, 0x84, 0xff, 0xff, 0xff, 0xff, 0xff,
    0xff, 0xff, 0xff, 0x78, 0x1e, 0x3c, 0x3c, 0x3c,
    0x3c, 0x3c, 0x3c, 0x50, 0xff, 0x4a, 0x0, 0x0,
    0x0, 0x0, 0x0, 0x0, 0x0, 0x14, 0xff, 0x3c,
    0x0, 0x0, 0x0, 0x0, 0x0, 0x0, 0x0, 0xe,
    0xbc, 0x2c,

    /* U+00AE "®" */
    0x0, 0x0, 0x47, 0x91, 0x90, 0x92, 0x4e, 0x0,
    0x0, 0x0, 0x8a, 0x63, 0x4, 0x0, 0x2, 0x5a,
    0x94, 0x1, 0x60, 0x57, 0x92, 0xd4, 0x90, 0x9a,
    0x4c, 0x4b, 0x6c, 0xa4, 0x0, 0x74, 0x58, 0x0,
    0x19, 0xba, 0x0, 0xa5, 0xa0, 0x0, 0xa5, 0xe8,
    0x92, 0xc8, 0x31, 0x0, 0x9f, 0xa5, 0x1, 0x74,
    0x58, 0x0, 0x60, 0x72, 0x0, 0xa6, 0x61, 0x5b,
    0x69, 0x4f, 0x0, 0xb, 0xb5, 0x4f, 0x6e, 0x0,
    0x90, 0x6b, 0x7, 0x0, 0x4, 0x61, 0x9a, 0x2,
    0x0, 0x0, 0x4b, 0x9b, 0x9c, 0x9c, 0x53, 0x0,
    0x0,

    /* U+00AF "¯" */
    0x9, 0xc, 0xc, 0xc, 0xc, 0x9, 0xc8, 0xff,
    0xff, 0xff, 0xff, 0xc8, 0x2b, 0x38, 0x38, 0x38,
    0x38, 0x2b,

    /* U+00B0 "°" */
    0x9, 0x9e, 0xe3, 0xbf, 0x23, 0x0, 0xa6, 0xa8,
    0x28, 0x71, 0xe1, 0x7, 0xeb, 0x2d, 0x0, 0x0,
    0xea, 0x2e, 0xbd, 0x8b, 0x4, 0x4b, 0xf1, 0xd,
    0x19, 0xcd, 0xfb, 0xe9, 0x3d, 0x0, 0x0, 0x0,
    0x13, 0x3, 0x0, 0x0,

    /* U+00B1 "±" */
    0x0, 0x0, 0x0, 0x0, 0x99, 0x6a, 0x0, 0x0,
    0x0, 0x0, 0x0, 0x0, 0x0, 0x0, 0xc8, 0x8a,
    0x0, 0x0, 0x0, 0x0, 0x6, 0xc, 0xc, 0xc,
    0xd4, 0x94, 0xc, 0xc, 0xc, 0x3, 0x80, 0xff,
    0xff, 0xff, 0xff, 0xff, 0xff, 0xff, 0xff, 0x44,
    0x1e, 0x3c, 0x3c, 0x3c, 0xff, 0xc2, 0x3c, 0x3c,
    0x3c, 0xf, 0x0, 0x0, 0x0, 0x0, 0xc8, 0x85,
    0x0, 0x0, 0x0, 0x0, 0x0, 0x0, 0x0, 0x0,
    0xa5, 0x6d, 0x0, 0x0, 0x0, 0x0, 0x6, 0xc,
    0xc, 0xc, 0xc, 0xc, 0xc, 0xc, 0xc, 0x3,
    0x80, 0xff, 0xff, 0xff, 0xff, 0xff, 0xff, 0xff,
    0xff, 0x44, 0x1e, 0x3c, 0x3c, 0x3c, 0x3c, 0x3c,
    0x3c, 0x3c, 0x3c, 0xf,

    /* U+00B2 "²" */
    0x90, 0xe6, 0xfa, 0xfa, 0xdb, 0x5b, 0x0, 0x32,
    0x32, 0x2c, 0x39, 0xc8, 0xdf, 0x0, 0x0, 0x0,
    0x0, 0x0, 0xb4, 0xc3, 0x0, 0x0, 0x0, 0x0,
    0x4e, 0xfa, 0x3c, 0x0, 0x0, 0x0, 0x4a, 0xf5,
    0x5b, 0x0, 0x0, 0x0, 0x54, 0xf5, 0x56, 0x0,
    0x0, 0x0, 0x5d, 0xfb, 0x75, 0x28, 0x28, 0x28,
    0xa, 0xda, 0xff, 0xff, 0xff, 0xff, 0xff, 0x3f,

    /* U+00B3 "³" */
    0x8e, 0xe6, 0xf9, 0xf4, 0xd0, 0x3e, 0x25, 0x2d,
    0x2c, 0x3c, 0xce, 0xab, 0x0, 0x0, 0x0, 0x10,
    0xc8, 0x85, 0x0, 0xc8, 0xff, 0xff, 0xd2, 0x19,
    0x0, 0x0, 0x0, 0x12, 0xc0, 0xb7, 0x0, 0x0,
    0x0, 0x0, 0x7a, 0xe7, 0x2a, 0x23, 0x21, 0x3a,
    0xd1, 0xc7, 0xb0, 0xed, 0xfb, 0xf2, 0xc4, 0x32,

    /* U+00B4 "´" */
    0x0, 0x0, 0x0, 0xb, 0x58, 0x0, 0x0, 0x0,
    0x1b, 0xce, 0xfd, 0x29, 0x0, 0x31, 0xe4, 0xd7,
    0x3e, 0x0, 0x0, 0xc0, 0x7e, 0x6, 0x0, 0x0,
    0x0, 0x1, 0x0, 0x0, 0x0, 0x0,

    /* U+00B5 "µ" */
    0x70, 0xff, 0x3c, 0x0, 0x0, 0x0, 0x0, 0xd0,
    0xe0, 0x0, 0x0, 0x70, 0xff, 0x3c, 0x0, 0x0,
    0x0, 0x0, 0xd0, 0xe0, 0x0, 0x0, 0x70, 0xff,
    0x3c, 0x0, 0x0, 0x0, 0x0, 0xd0, 0xe0, 0x0,
    0x0, 0x70, 0xff, 0x3c, 0x0, 0x0, 0x0, 0x0,
    0xd0, 0xe0, 0x0, 0x0, 0x70, 0xff, 0x3c, 0x0,
    0x0, 0x0, 0x0, 0xd4, 0xe0, 0x0, 0x0, 0x70,
    0xff, 0x3c, 0x0, 0x0, 0x0, 0x5, 0xf6, 0xe0,
    0x0, 0x0, 0xb5, 0xff, 0x3d, 0x0, 0x0, 0x0,
    0x59, 0xff, 0xe0, 0x0, 0x0, 0xd4, 0xff, 0x64,
    0x0, 0x0, 0x29, 0xe8, 0xfd, 0xe2, 0x0, 0x0,
    0x93, 0xff, 0xff, 0x9d, 0xac, 0xf8, 0xa5, 0xbb,
    0xfe, 0x99, 0xf, 0x70, 0xff, 0xff, 0xfa, 0xe0,
    0x73, 0x2, 0x5a, 0xf3, 0xe0, 0x1e, 0x70, 0xff,
    0x38, 0x0, 0x0, 0x0, 0x0, 0x0, 0x0, 0x0,
    0x0, 0x70, 0xff, 0x33, 0x0, 0x0, 0x0, 0x0,
    0x0, 0x0, 0x0, 0x0, 0x70, 0xff, 0x21, 0x0,
    0x0, 0x0, 0x0, 0x0, 0x0, 0x0, 0x0, 0x70,
    0xff, 0xd, 0x0, 0x0, 0x0, 0x0, 0x0, 0x0,
    0x0, 0x0,

    /* U+00B6 "¶" */
    0x0, 0x0, 0x15, 0x83, 0xc5, 0xff, 0xff, 0xff,
    0xff, 0xff, 0x0, 0x2a, 0xee, 0xff, 0xff, 0xff,
    0xff, 0x25, 0x8e, 0xff, 0x0, 0xbe, 0xff, 0xff,
    0xff, 0xff, 0xfd, 0x0, 0x5c, 0xf0, 0xe, 0xfd,
    0xff, 0xff, 0xff, 0xff, 0xe5, 0x0, 0x5c, 0xf0,
    0x28, 0xff, 0xff, 0xff, 0xff, 0xff, 0xcc, 0x0,
    0x5c, 0xf0, 0x2d, 0xff, 0xff, 0xff, 0xff, 0xff,
    0xb5, 0x0, 0x5c, 0xf0, 0x11, 0xff, 0xff, 0xff,
    0xff, 0xff, 0xb0, 0x0, 0x5c, 0xf0, 0x0, 0xc9,
    0xff, 0xff, 0xff, 0xff, 0xb0, 0x0, 0x5c, 0xf0,
    0x0, 0x39, 0xf4, 0xff, 0xff, 0xff, 0xb0, 0x0,
    0x5c, 0xf0, 0x0, 0x0, 0x25, 0x98, 0xdc, 0xff,
    0xb0, 0x0, 0x5c, 0xf0, 0x0, 0x0, 0x0, 0x0,
    0x0, 0xa0, 0xb0, 0x0, 0x5c, 0xf0, 0x0, 0x0,
    0x0, 0x0, 0x0, 0xa0, 0xb0, 0x0, 0x5c, 0xf0,
    0x0, 0x0, 0x0, 0x0, 0x0, 0xa0, 0xb0, 0x0,
    0x5c, 0xf0, 0x0, 0x0, 0x0, 0x0, 0x0, 0xa0,
    0xb0, 0x0, 0x5c, 0xf0, 0x0, 0x0, 0x0, 0x0,
    0x0, 0xa0, 0xb0, 0x0, 0x0, 0x0, 0x0, 0x0,
    0x0, 0x0, 0x0, 0xa0, 0xb0, 0x0, 0x0, 0x0,
    0x0, 0x0, 0x0, 0x0, 0x0, 0xa0, 0xb0, 0x0,
    0x0, 0x0, 0x0, 0x0, 0x0, 0x0, 0x0, 0xa0,
    0xb0, 0x0, 0x0, 0x0,

    /* U+00B7 "·" */
    0x1f, 0x57, 0xa, 0x8d, 0xff, 0x45, 0x79, 0xfb,
    0x35,

    /* U+00B8 "¸" */
    0x0, 0x3b, 0xd0, 0x8c, 0x0, 0x0, 0x1, 0x56,
    0xfb, 0x0, 0x0, 0x17, 0xaa, 0xc1, 0x0, 0x2b,
    0xe3, 0xaa, 0x1a, 0x0,

    /* U+00B9 "¹" */
    0x18, 0x7f, 0xdc, 0xff, 0x34, 0x38, 0x8e, 0x60,
    0xff, 0x34, 0x0, 0x0, 0x20, 0xff, 0x34, 0x0,
    0x0, 0x20, 0xff, 0x34, 0x0, 0x0, 0x20, 0xff,
    0x34, 0x0, 0x0, 0x20, 0xff, 0x34, 0x0, 0x0,
    0x20, 0xff, 0x34, 0x0, 0x0, 0x20, 0xff, 0x34,

    /* U+00BA "º" */
    0x6, 0x89, 0xda, 0xeb, 0xd5, 0x76, 0x0, 0x74,
    0xf3, 0x56, 0x29, 0x67, 0xfe, 0x55, 0xba, 0xa3,
    0x0, 0x0, 0x0, 0xc7, 0x9c, 0xcd, 0x89, 0x0,
    0x0, 0x0, 0xae, 0xaf, 0xc1, 0x99, 0x0, 0x0,
    0x0, 0xbe, 0xa1, 0x89, 0xe7, 0x27, 0x1, 0x38,
    0xf9, 0x66, 0x13, 0xbc, 0xfe, 0xfc, 0xfb, 0xa8,
    0x6, 0x0, 0x0, 0xc, 0x1b, 0x9, 0x0, 0x0,

    /* U+00BB "»" */
    0x7, 0x2, 0x0, 0x0, 0xa, 0x0, 0x0, 0x0,
    0xac, 0x8a, 0x0, 0x14, 0xea, 0x35, 0x0, 0x0,
    0x2e, 0xf8, 0x5a, 0x0, 0x82, 0xe4, 0x17, 0x0,
    0x0, 0x72, 0xf6, 0x32, 0x4, 0xc9, 0xc4, 0x5,
    0x0, 0x1, 0xbb, 0xe2, 0x10, 0x25, 0xf4, 0x93,
    0x0, 0x2, 0xc3, 0xdc, 0xd, 0x2a, 0xf7, 0x8a,
    0x0, 0x78, 0xf3, 0x2c, 0x5, 0xcd, 0xbd, 0x3,
    0x2f, 0xf8, 0x54, 0x0, 0x85, 0xe1, 0x14, 0x0,
    0xb2, 0x86, 0x0, 0x17, 0xee, 0x33, 0x0, 0x0,
    0xb, 0x2, 0x0, 0x0, 0xe, 0x0, 0x0, 0x0,

    /* U+00BC "¼" */
    0xa, 0x69, 0xc7, 0xff, 0x6c, 0x0, 0x0, 0x0,
    0x0, 0x0, 0x0, 0xa2, 0x96, 0x0, 0x0, 0x0,
    0x0, 0x1c, 0xa2, 0x61, 0xe7, 0x6c, 0x0, 0x0,
    0x0, 0x0, 0x0, 0x44, 0xe5, 0xe, 0x0, 0x0,
    0x0, 0x0, 0x0, 0x0, 0x0, 0xe8, 0x6c, 0x0,
    0x0, 0x0, 0x0, 0x9, 0xdc, 0x52, 0x0, 0x0,
    0x0, 0x0, 0x0, 0x0, 0x0, 0x0, 0xe8, 0x6c,
    0x0, 0x0, 0x0, 0x0, 0x88, 0xaf, 0x0, 0x0,
    0x0, 0x0, 0x0, 0x0, 0x0, 0x0, 0x0, 0xe8,
    0x6c, 0x0, 0x0, 0x0, 0x2e, 0xed, 0x1b, 0x0,
    0x0, 0x0, 0x0, 0x0, 0x0, 0x0, 0x0, 0x0,
    0xe8, 0x6c, 0x0, 0x0, 0x2, 0xc9, 0x6b, 0x0,
    0x7, 0x76, 0x1b, 0x0, 0x0, 0x0, 0x0, 0x0,
    0x0, 0xe8, 0x6c, 0x0, 0x0, 0x6f, 0xc7, 0x2,
    0x0, 0x69, 0xdc, 0x3, 0x0, 0x0, 0x0, 0x0,
    0x0, 0x0, 0xe8, 0x6c, 0x0, 0x1d, 0xed, 0x2c,
    0x0, 0x5, 0xe0, 0x64, 0x0, 0x8f, 0x65, 0x0,
    0x0, 0x0, 0x0, 0x44, 0x20, 0x0, 0xb3, 0x84,
    0x0, 0x0, 0x62, 0xe3, 0x6, 0x0, 0xc6, 0x74,
    0x0, 0x0, 0x0, 0x0, 0x0, 0x0, 0x56, 0xda,
    0x8, 0x0, 0x3, 0xdb, 0x6e, 0x0, 0x0, 0xcc,
    0x74, 0x0, 0x0, 0x0, 0x0, 0x0, 0x10, 0xe6,
    0x41, 0x0, 0x0, 0x59, 0xf5, 0xa, 0x0, 0x0,
    0xcc, 0x74, 0x0, 0x0, 0x0, 0x0, 0x0, 0x9a,
    0x9d, 0x0, 0x0, 0x0, 0x86, 0xff, 0xf2, 0xf0,
    0xf0, 0xff, 0xff, 0x65, 0x0, 0x0, 0x0, 0x3d,
    0xe8, 0x12, 0x0, 0x0, 0x0, 0x2, 0x1d, 0x20,
    0x20, 0x20, 0xec, 0x8c, 0x2, 0x0, 0x0, 0x7,
    0xd7, 0x59, 0x0, 0x0, 0x0, 0x0, 0x0, 0x0,
    0x0, 0x0, 0x0, 0xcc, 0x74, 0x0, 0x0, 0x0,
    0x7, 0x1f, 0x0, 0x0, 0x0, 0x0, 0x0, 0x0,
    0x0, 0x0, 0x0, 0x0, 0x19, 0xe, 0x0,

    /* U+00BD "½" */
    0x0, 0x0, 0x18, 0x4b, 0x20, 0x0, 0x0, 0x0,
    0x0, 0x0, 0x0, 0x28, 0x33, 0x0, 0x0, 0x0,
    0x0, 0x19, 0xb7, 0xfa, 0xfc, 0x6c, 0x0, 0x0,
    0x0, 0x0, 0x0, 0x11, 0xe5, 0x41, 0x0, 0x0,
    0x0, 0x0, 0xd, 0x50, 0x11, 0xe3, 0x6c, 0x0,
    0x0, 0x0, 0x0, 0x0, 0xa2, 0x96, 0x0, 0x0,
    0x0, 0x0, 0x0, 0x0, 0x0, 0x0, 0xe8, 0x6c,
    0x0, 0x0, 0x0, 0x0, 0x4c, 0xe0, 0xc, 0x0,
    0x0, 0x0, 0x0, 0x0, 0x0, 0x0, 0x0, 0xe8,
    0x6c, 0x0, 0x0, 0x0, 0x10, 0xe4, 0x44, 0x0,
    0x0, 0x0, 0x0, 0x0, 0x0, 0x0, 0x0, 0x0,
    0xe8, 0x6c, 0x0, 0x0, 0x0, 0xa1, 0x99, 0x0,
    0x0, 0x0, 0x0, 0x0, 0x0, 0x0, 0x0, 0x0,
    0x0, 0xe8, 0x6c, 0x0, 0x0, 0x4b, 0xe1, 0xe,
    0x46, 0xd9, 0xf3, 0xfd, 0xee, 0xad, 0xc, 0x0,
    0x0, 0x0, 0xe8, 0x6c, 0x0, 0x10, 0xe4, 0x47,
    0x0, 0x18, 0x39, 0x30, 0x33, 0x6c, 0xff, 0x5a,
    0x0, 0x0, 0x0, 0xe8, 0x6c, 0x0, 0xa0, 0x9c,
    0x0, 0x0, 0x0, 0x0, 0x0, 0x0, 0x2d, 0xff,
    0x43, 0x0, 0x0, 0x0, 0x0, 0x0, 0x4a, 0xe3,
    0xf, 0x0, 0x0, 0x0, 0x0, 0x0, 0x5, 0xbe,
    0xbc, 0x1, 0x0, 0x0, 0x0, 0x0, 0xf, 0xe3,
    0x4a, 0x0, 0x0, 0x0, 0x0, 0x0, 0x7, 0xaf,
    0xce, 0x10, 0x0, 0x0, 0x0, 0x0, 0x0, 0x9f,
    0x9f, 0x0, 0x0, 0x0, 0x0, 0x0, 0xc, 0xbc,
    0xc4, 0xf, 0x0, 0x0, 0x0, 0x0, 0x0, 0x49,
    0xe5, 0x10, 0x0, 0x0, 0x0, 0x0, 0x12, 0xc9,
    0xb9, 0xa, 0x0, 0x0, 0x0, 0x0, 0x0, 0xf,
    0xe3, 0x4c, 0x0, 0x0, 0x0, 0x0, 0x0, 0x78,
    0xff, 0xfe, 0xff, 0xff, 0xff, 0xc0, 0x0, 0x0,
    0x10, 0x2b, 0x0, 0x0, 0x0, 0x0, 0x0, 0x0,
    0x17, 0x30, 0x30, 0x30, 0x30, 0x30, 0x23,

    /* U+00BE "¾" */
    0x94, 0xe1, 0xe9, 0xe4, 0xc0, 0x35, 0x0, 0x0,
    0x0, 0x0, 0x0, 0x0, 0x8b, 0x93, 0x0, 0x0,
    0x0, 0x0, 0x19, 0x1d, 0x1c, 0x2f, 0xbf, 0xc3,
    0x0, 0x0, 0x0, 0x0, 0x0, 0x36, 0xea, 0x16,
    0x0, 0x0, 0x0, 0x0, 0x0, 0x0, 0x0, 0x0,
    0x75, 0xd6, 0x0, 0x0, 0x0, 0x0, 0x4, 0xd1,
    0x61, 0x0, 0x0, 0x0, 0x0, 0x0, 0x0, 0x0,
    0x0, 0xd, 0xb8, 0x92, 0x0, 0x0, 0x0, 0x0,
    0x79, 0xbd, 0x0, 0x0, 0x0, 0x0, 0x0, 0x0,
    0x0, 0xb2, 0xf8, 0xff, 0xd6, 0x24, 0x0, 0x0,
    0x0, 0x24, 0xee, 0x24, 0x0, 0x0, 0x0, 0x0,
    0x0, 0x0, 0x0, 0x0, 0x0, 0xa, 0xa1, 0xd9,
    0x0, 0x0, 0x0, 0xbe, 0x78, 0x0, 0x0, 0x0,
    0x0, 0x0, 0x0, 0x0, 0x0, 0x0, 0x0, 0x0,
    0x4e, 0xff, 0xf, 0x0, 0x62, 0xd1, 0x4, 0x0,
    0x57, 0xd0, 0x5, 0x0, 0x0, 0x0, 0x3, 0x0,
    0x0, 0xd, 0xa1, 0xf6, 0x2, 0x16, 0xeb, 0x35,
    0x0, 0x4, 0xdb, 0x65, 0x0, 0x2d, 0xc, 0x0,
    0xd1, 0xf8, 0xf8, 0xff, 0xf6, 0x69, 0x0, 0xa8,
    0x8f, 0x0, 0x0, 0x67, 0xd8, 0x4, 0x0, 0xea,
    0x38, 0x0, 0x1, 0x14, 0x22, 0x23, 0x7, 0x0,
    0x4b, 0xe0, 0xb, 0x0, 0x9, 0xe5, 0x53, 0x0,
    0x3, 0xff, 0x38, 0x0, 0x0, 0x0, 0x0, 0x0,
    0x0, 0xc, 0xe1, 0x4a, 0x0, 0x0, 0x75, 0xd5,
    0x0, 0x0, 0x4, 0xff, 0x38, 0x0, 0x0, 0x0,
    0x0, 0x0, 0x0, 0x90, 0xa7, 0x0, 0x0, 0x0,
    0xb3, 0xff, 0xf0, 0xf0, 0xf4, 0xff, 0xff, 0x38,
    0x0, 0x0, 0x0, 0x0, 0x36, 0xeb, 0x16, 0x0,
    0x0, 0x0, 0x6, 0x1f, 0x20, 0x20, 0x24, 0xff,
    0x4c, 0x0, 0x0, 0x0, 0x0, 0x4, 0xd1, 0x61,
    0x0, 0x0, 0x0, 0x0, 0x0, 0x0, 0x0, 0x0,
    0x4, 0xff, 0x38, 0x0, 0x0, 0x0, 0x0, 0x6,
    0x1f, 0x0, 0x0, 0x0, 0x0, 0x0, 0x0, 0x0,
    0x0, 0x0, 0x0, 0x20, 0x7, 0x0,

    /* U+00BF "¿" */
    0x0, 0x0, 0x0, 0x0, 0x8c, 0xf1, 0x7, 0x0,
    0x0, 0x0, 0x0, 0x0, 0x0, 0x0, 0xa1, 0xff,
    0xd, 0x0, 0x0, 0x0, 0x0, 0x0, 0x0, 0x0,
    0x29, 0x51, 0x0, 0x0, 0x0, 0x0, 0x0, 0x0,
    0x0, 0x0, 0x0, 0x0, 0x0, 0x0, 0x0, 0x0,
    0x0, 0x0, 0x0, 0x0, 0x7c, 0xb9, 0x0, 0x0,
    0x0, 0x0, 0x0, 0x0, 0x0, 0x0, 0xcf, 0xc2,
    0x0, 0x0, 0x0, 0x0, 0x0, 0x0, 0x0, 0x62,
    0xff, 0x56, 0x0, 0x0, 0x0, 0x0, 0x0, 0x0,
    0x3b, 0xf4, 0xae, 0x0, 0x0, 0x0, 0x0, 0x0,
    0x0, 0x28, 0xf2, 0xc3, 0x8, 0x0, 0x0, 0x0,
    0x0, 0x0, 0x0, 0xce, 0xec, 0x15, 0x0, 0x0,
    0x0, 0x0, 0x0, 0x0, 0x22, 0xff, 0xaa, 0x0,
    0x0, 0x0, 0x0, 0x0, 0x0, 0x0, 0x21, 0xff,
    0xd0, 0x3, 0x0, 0x0, 0x0, 0x0, 0x0, 0x0,
    0x0, 0xcc, 0xff, 0xcd, 0x89, 0x78, 0x78, 0x7e,
    0x90, 0x1d, 0x0, 0x16, 0x8f, 0xdb, 0xf6, 0xff,
    0xfd, 0xea, 0xbe, 0x26,

    /* U+00C0 "À" */
    0x0, 0x0, 0x0, 0xf, 0x8, 0x0, 0x0, 0x0,
    0x0, 0x0, 0x0, 0x0, 0x0, 0x0, 0x0, 0x0,
    0xb1, 0xc8, 0x17, 0x0, 0x0, 0x0, 0x0, 0x0,
    0x0, 0x0, 0x0, 0x0, 0x0, 0x57, 0xe7, 0xe0,
    0x2c, 0x0, 0x0, 0x0, 0x0, 0x0, 0x0, 0x0,
    0x0, 0x0, 0x0, 0xf, 0x97, 0xf0, 0x23, 0x0,
    0x0, 0x0, 0x0, 0x0, 0x0, 0x0, 0x0, 0x0,
    0x0, 0x0, 0x2c, 0x0, 0x0, 0x0, 0x0, 0x0,
    0x0, 0x0, 0x0, 0x0, 0x0, 0x50, 0xfc, 0xff,
    0xbb, 0x0, 0x0, 0x0, 0x0, 0x0, 0x0, 0x0,
    0x0, 0x0, 0xb2, 0xe7, 0xa0, 0xff, 0x21, 0x0,
    0x0, 0x0, 0x0, 0x0, 0x0, 0x0, 0xd, 0xf8,
    0x98, 0x28, 0xff, 0x75, 0x0, 0x0, 0x0, 0x0,
    0x0, 0x0, 0x0, 0x5a, 0xff, 0x48, 0x0, 0xd8,
    0xc9, 0x0, 0x0, 0x0, 0x0, 0x0, 0x0, 0x0,
    0xae, 0xf1, 0x6, 0x0, 0x89, 0xff, 0x1e, 0x0,
    0x0, 0x0, 0x0, 0x0, 0xb, 0xf6, 0xa8, 0x0,
    0x0, 0x39, 0xff, 0x71, 0x0, 0x0, 0x0, 0x0,
    0x0, 0x56, 0xff, 0x59, 0x0, 0x0, 0x1, 0xe7,
    0xc5, 0x0, 0x0, 0x0, 0x0, 0x0, 0xaa, 0xfa,
    0xf, 0x0, 0x0, 0x0, 0x9a, 0xfe, 0x1a, 0x0,
    0x0, 0x0, 0x9, 0xff, 0xff, 0xff, 0xff, 0xff,
    0xff, 0xff, 0xff, 0x6d, 0x0, 0x0, 0x0, 0x52,
    0xff, 0xee, 0x84, 0x84, 0x84, 0x84, 0x8b, 0xff,
    0xc1, 0x0, 0x0, 0x0, 0xa6, 0xfe, 0x1b, 0x0,
    0x0, 0x0, 0x0, 0x0, 0xab, 0xfd, 0x17, 0x0,
    0x7, 0xf2, 0xca, 0x0, 0x0, 0x0, 0x0, 0x0,
    0x0, 0x5b, 0xff, 0x69, 0x0, 0x4e, 0xff, 0x7b,
    0x0, 0x0, 0x0, 0x0, 0x0, 0x0, 0x10, 0xfb,
    0xbd, 0x0, 0xa2, 0xff, 0x2b, 0x0, 0x0, 0x0,
    0x0, 0x0, 0x0, 0x0, 0xbc, 0xfc, 0x15,

    /* U+00C1 "Á" */
    0x0, 0x0, 0x0, 0x0, 0x0, 0x0, 0x0, 0xb,
    0x2d, 0x0, 0x0, 0x0, 0x0, 0x0, 0x0, 0x0,
    0x0, 0x0, 0x0, 0x1a, 0xce, 0xe3, 0xc, 0x0,
    0x0, 0x0, 0x0, 0x0, 0x0, 0x0, 0x0, 0x2f,
    0xe3, 0xe0, 0x4b, 0x0, 0x0, 0x0, 0x0, 0x0,
    0x0, 0x0, 0x0, 0xb, 0xe8, 0x8c, 0xb, 0x0,
    0x0, 0x0, 0x0, 0x0, 0x0, 0x0, 0x0, 0x0,
    0x0, 0x12, 0x0, 0x0, 0x0, 0x0, 0x0, 0x0,
    0x0, 0x0, 0x0, 0x0, 0x0, 0x50, 0xfc, 0xff,
    0xbb, 0x0, 0x0, 0x0, 0x0, 0x0, 0x0, 0x0,
    0x0, 0x0, 0xb2, 0xe7, 0xa0, 0xff, 0x21, 0x0,
    0x0, 0x0, 0x0, 0x0, 0x0, 0x0, 0xd, 0xf8,
    0x98, 0x28, 0xff, 0x75, 0x0, 0x0, 0x0, 0x0,
    0x0, 0x0, 0x0, 0x5a, 0xff, 0x48, 0x0, 0xd8,
    0xc9, 0x0, 0x0, 0x0, 0x0, 0x0, 0x0, 0x0,
    0xae, 0xf1, 0x6, 0x0, 0x89, 0xff, 0x1e, 0x0,
    0x0, 0x0, 0x0, 0x0, 0xb, 0xf6, 0xa8, 0x0,
    0x0, 0x39, 0xff, 0x71, 0x0, 0x0, 0x0, 0x0,
    0x0, 0x56, 0xff, 0x59, 0x0, 0x0, 0x1, 0xe7,
    0xc5, 0x0, 0x0, 0x0, 0x0, 0x0, 0xaa, 0xfa,
    0xf, 0x0, 0x0, 0x0, 0x9a, 0xfe, 0x1a, 0x0,
    0x0, 0x0, 0x9, 0xff, 0xff, 0xff, 0xff, 0xff,
    0xff, 0xff, 0xff, 0x6d, 0x0, 0x0, 0x0, 0x52,
    0xff, 0xee, 0x84, 0x84, 0x84, 0x84, 0x8b, 0xff,
    0xc1, 0x0, 0x0, 0x0, 0xa6, 0xfe, 0x1b, 0x0,
    0x0, 0x0, 0x0, 0x0, 0xab, 0xfd, 0x17, 0x0,
    0x7, 0xf2, 0xca, 0x0, 0x0, 0x0, 0x0, 0x0,
    0x0, 0x5b, 0xff, 0x69, 0x0, 0x4e, 0xff, 0x7b,
    0x0, 0x0, 0x0, 0x0, 0x0, 0x0, 0x10, 0xfb,
    0xbd, 0x0, 0xa2, 0xff, 0x2b, 0x0, 0x0, 0x0,
    0x0, 0x0, 0x0, 0x0, 0xbc, 0xfc, 0x15,

    /* U+00C2 "Â" */
    0x0, 0x0, 0x0, 0x0, 0x18, 0xd4, 0xfb, 0x5a,
    0x0, 0x0, 0x0, 0x0, 0x0, 0x0, 0x0, 0x0,
    0x1c, 0xd9, 0xcc, 0x8a, 0xfb, 0x65, 0x0, 0x0,
    0x0, 0x0, 0x0, 0x0, 0x0, 0xce, 0x94, 0x6,
    0x0, 0x44, 0xe8, 0x3f, 0x0, 0x0, 0x0, 0x0,
    0x0, 0x0, 0x17, 0x0, 0x0, 0x0, 0x0, 0x16,
    0x2, 0x0, 0x0, 0x0, 0x0, 0x0, 0x0, 0x0,
    0x50, 0xfc, 0xff, 0xbb, 0x0, 0x0, 0x0, 0x0,
    0x0, 0x0, 0x0, 0x0, 0x0, 0xb2, 0xe7, 0xa0,
    0xff, 0x21, 0x0, 0x0, 0x0, 0x0, 0x0, 0x0,
    0x0, 0xd, 0xf8, 0x98, 0x28, 0xff, 0x75, 0x0,
    0x0, 0x0, 0x0, 0x0, 0x0, 0x0, 0x5a, 0xff,
    0x48, 0x0, 0xd8, 0xc9, 0x0, 0x0, 0x0, 0x0,
    0x0, 0x0, 0x0, 0xae, 0xf1, 0x6, 0x0, 0x89,
    0xff, 0x1e, 0x0, 0x0, 0x0, 0x0, 0x0, 0xb,
    0xf6, 0xa8, 0x0, 0x0, 0x39, 0xff, 0x71, 0x0,
    0x0, 0x0, 0x0, 0x0, 0x56, 0xff, 0x59, 0x0,
    0x0, 0x1, 0xe7, 0xc5, 0x0, 0x0, 0x0, 0x0,
    0x0, 0xaa, 0xfa, 0xf, 0x0, 0x0, 0x0, 0x9a,
    0xfe, 0x1a, 0x0, 0x0, 0x0, 0x9, 0xff, 0xff,
    0xff, 0xff, 0xff, 0xff, 0xff, 0xff, 0x6d, 0x0,
    0x0, 0x0, 0x52, 0xff, 0xee, 0x84, 0x84, 0x84,
    0x84, 0x8b, 0xff, 0xc1, 0x0, 0x0, 0x0, 0xa6,
    0xfe, 0x1b, 0x0, 0x0, 0x0, 0x0, 0x0, 0xab,
    0xfd, 0x17, 0x0, 0x7, 0xf2, 0xca, 0x0, 0x0,
    0x0, 0x0, 0x0, 0x0, 0x5b, 0xff, 0x69, 0x0,
    0x4e, 0xff, 0x7b, 0x0, 0x0, 0x0, 0x0, 0x0,
    0x0, 0x10, 0xfb, 0xbd, 0x0, 0xa2, 0xff, 0x2b,
    0x0, 0x0, 0x0, 0x0, 0x0, 0x0, 0x0, 0xbc,
    0xfc, 0x15,

    /* U+00C3 "Ã" */
    0x0, 0x0, 0x0, 0x2d, 0x91, 0x54, 0x1, 0x0,
    0x39, 0x2f, 0x0, 0x0, 0x0, 0x0, 0x0, 0x0,
    0xcc, 0xd3, 0xf7, 0xcc, 0x68, 0xc0, 0x54, 0x0,
    0x0, 0x0, 0x0, 0x0, 0x0, 0xdc, 0x0, 0x12,
    0x97, 0xf1, 0xda, 0xf, 0x0, 0x0, 0x0, 0x0,
    0x0, 0x0, 0x0, 0x0, 0x0, 0x0, 0x3, 0x0,
    0x0, 0x0, 0x0, 0x0, 0x0, 0x0, 0x0, 0x0,
    0x50, 0xfc, 0xff, 0xbb, 0x0, 0x0, 0x0, 0x0,
    0x0, 0x0, 0x0, 0x0, 0x0, 0xb2, 0xe7, 0xa0,
    0xff, 0x21, 0x0, 0x0, 0x0, 0x0, 0x0, 0x0,
    0x0, 0xd, 0xf8, 0x98, 0x28, 0xff, 0x75, 0x0,
    0x0, 0x0, 0x0, 0x0, 0x0, 0x0, 0x5a, 0xff,
    0x48, 0x0, 0xd8, 0xc9, 0x0, 0x0, 0x0, 0x0,
    0x0, 0x0, 0x0, 0xae, 0xf1, 0x6, 0x0, 0x89,
    0xff, 0x1e, 0x0, 0x0, 0x0, 0x0, 0x0, 0xb,
    0xf6, 0xa8, 0x0, 0x0, 0x39, 0xff, 0x71, 0x0,
    0x0, 0x0, 0x0, 0x0, 0x56, 0xff, 0x59, 0x0,
    0x0, 0x1, 0xe7, 0xc5, 0x0, 0x0, 0x0, 0x0,
    0x0, 0xaa, 0xfa, 0xf, 0x0, 0x0, 0x0, 0x9a,
    0xfe, 0x1a, 0x0, 0x0, 0x0, 0x9, 0xff, 0xff,
    0xff, 0xff, 0xff, 0xff, 0xff, 0xff, 0x6d, 0x0,
    0x0, 0x0, 0x52, 0xff, 0xee, 0x84, 0x84, 0x84,
    0x84, 0x8b, 0xff, 0xc1, 0x0, 0x0, 0x0, 0xa6,
    0xfe, 0x1b, 0x0, 0x0, 0x0, 0x0, 0x0, 0xab,
    0xfd, 0x17, 0x0, 0x7, 0xf2, 0xca, 0x0, 0x0,
    0x0, 0x0, 0x0, 0x0, 0x5b, 0xff, 0x69, 0x0,
    0x4e, 0xff, 0x7b, 0x0, 0x0, 0x0, 0x0, 0x0,
    0x0, 0x10, 0xfb, 0xbd, 0x0, 0xa2, 0xff, 0x2b,
    0x0, 0x0, 0x0, 0x0, 0x0, 0x0, 0x0, 0xbc,
    0xfc, 0x15,

    /* U+00C4 "Ä" */
    0x0, 0x0, 0x0, 0x0, 0xc, 0x0, 0x0, 0x6,
    0x5, 0x0, 0x0, 0x0, 0x0, 0x0, 0x0, 0x0,
    0x48, 0xff, 0x28, 0x0, 0xbf, 0xb3, 0x0, 0x0,
    0x0, 0x0, 0x0, 0x0, 0x0, 0x42, 0xfb, 0x24,
    0x0, 0xb8, 0xad, 0x0, 0x0, 0x0, 0x0, 0x0,
    0x0, 0x0, 0x0, 0x0, 0x0, 0x0, 0x0, 0x0,
    0x0, 0x0, 0x0, 0x0, 0x0, 0x0, 0x0, 0x0,
    0x50, 0xfc, 0xff, 0xbb, 0x0, 0x0, 0x0, 0x0,
    0x0, 0x0, 0x0, 0x0, 0x0, 0xb2, 0xe7, 0xa0,
    0xff, 0x21, 0x0, 0x0, 0x0, 0x0, 0x0, 0x0,
    0x0, 0xd, 0xf8, 0x98, 0x28, 0xff, 0x75, 0x0,
    0x0, 0x0, 0x0, 0x0, 0x0, 0x0, 0x5a, 0xff,
    0x48, 0x0, 0xd8, 0xc9, 0x0, 0x0, 0x0, 0x0,
    0x0, 0x0, 0x0, 0xae, 0xf1, 0x6, 0x0, 0x89,
    0xff, 0x1e, 0x0, 0x0, 0x0, 0x0, 0x0, 0xb,
    0xf6, 0xa8, 0x0, 0x0, 0x39, 0xff, 0x71, 0x0,
    0x0, 0x0, 0x0, 0x0, 0x56, 0xff, 0x59, 0x0,
    0x0, 0x1, 0xe7, 0xc5, 0x0, 0x0, 0x0, 0x0,
    0x0, 0xaa, 0xfa, 0xf, 0x0, 0x0, 0x0, 0x9a,
    0xfe, 0x1a, 0x0, 0x0, 0x0, 0x9, 0xff, 0xff,
    0xff, 0xff, 0xff, 0xff, 0xff, 0xff, 0x6d, 0x0,
    0x0, 0x0, 0x52, 0xff, 0xee, 0x84, 0x84, 0x84,
    0x84, 0x8b, 0xff, 0xc1, 0x0, 0x0, 0x0, 0xa6,
    0xfe, 0x1b, 0x0, 0x0, 0x0, 0x0, 0x0, 0xab,
    0xfd, 0x17, 0x0, 0x7, 0xf2, 0xca, 0x0, 0x0,
    0x0, 0x0, 0x0, 0x0, 0x5b, 0xff, 0x69, 0x0,
    0x4e, 0xff, 0x7b, 0x0, 0x0, 0x0, 0x0, 0x0,
    0x0, 0x10, 0xfb, 0xbd, 0x0, 0xa2, 0xff, 0x2b,
    0x0, 0x0, 0x0, 0x0, 0x0, 0x0, 0x0, 0xbc,
    0xfc, 0x15,

    /* U+00C5 "Å" */
    0x0, 0x0, 0x0, 0x0, 0x17, 0xc0, 0xdc, 0x5b,
    0x0, 0x0, 0x0, 0x0, 0x0, 0x0, 0x0, 0x0,
    0x0, 0xb4, 0x5b, 0xe, 0xd3, 0x25, 0x0, 0x0,
    0x0, 0x0, 0x0, 0x0, 0x0, 0x0, 0xe5, 0x14,
    0x0, 0x9d, 0x54, 0x0, 0x0, 0x0, 0x0, 0x0,
    0x0, 0x0, 0x0, 0xb5, 0x5b, 0xe, 0xd4, 0x25,
    0x0, 0x0, 0x0, 0x0, 0x0, 0x0, 0x0, 0x0,
    0x18, 0xc1, 0xdd, 0x5d, 0x0, 0x0, 0x0, 0x0,
    0x0, 0x0, 0x0, 0x0, 0x0, 0x50, 0xfc, 0xff,
    0xbb, 0x0, 0x0, 0x0, 0x0, 0x0, 0x0, 0x0,
    0x0, 0x0, 0xb2, 0xe7, 0xa0, 0xff, 0x21, 0x0,
    0x0, 0x0, 0x0, 0x0, 0x0, 0x0, 0xd, 0xf8,
    0x98, 0x28, 0xff, 0x75, 0x0, 0x0, 0x0, 0x0,
    0x0, 0x0, 0x0, 0x5a, 0xff, 0x48, 0x0, 0xd8,
    0xc9, 0x0, 0x0, 0x0, 0x0, 0x0, 0x0, 0x0,
    0xae, 0xf1, 0x6, 0x0, 0x89, 0xff, 0x1e, 0x0,
    0x0, 0x0, 0x0, 0x0, 0xb, 0xf6, 0xa8, 0x0,
    0x0, 0x39, 0xff, 0x71, 0x0, 0x0, 0x0, 0x0,
    0x0, 0x56, 0xff, 0x59, 0x0, 0x0, 0x1, 0xe7,
    0xc5, 0x0, 0x0, 0x0, 0x0, 0x0, 0xaa, 0xfa,
    0xf, 0x0, 0x0, 0x0, 0x9a, 0xfe, 0x1a, 0x0,
    0x0, 0x0, 0x9, 0xff, 0xff, 0xff, 0xff, 0xff,
    0xff, 0xff, 0xff, 0x6d, 0x0, 0x0, 0x0, 0x52,
    0xff, 0xee, 0x84, 0x84, 0x84, 0x84, 0x8b, 0xff,
    0xc1, 0x0, 0x0, 0x0, 0xa6, 0xfe, 0x1b, 0x0,
    0x0, 0x0, 0x0, 0x0, 0xab, 0xfd, 0x17, 0x0,
    0x7, 0xf2, 0xca, 0x0, 0x0, 0x0, 0x0, 0x0,
    0x0, 0x5b, 0xff, 0x69, 0x0, 0x4e, 0xff, 0x7b,
    0x0, 0x0, 0x0, 0x0, 0x0, 0x0, 0x10, 0xfb,
    0xbd, 0x0, 0xa2, 0xff, 0x2b, 0x0, 0x0, 0x0,
    0x0, 0x0, 0x0, 0x0, 0xbc, 0xfc, 0x15,

    /* U+00C6 "Æ" */
    0x0, 0x0, 0x0, 0x0, 0x0, 0x0, 0x0, 0x0,
    0x4, 0x79, 0xcf, 0xf0, 0xfe, 0xff, 0xff, 0xff,
    0xff, 0xff, 0x37, 0x0, 0x0, 0x0, 0x0, 0x0,
    0x0, 0x0, 0x0, 0xa5, 0xf1, 0xc8, 0xff, 0xa1,
    0x78, 0x78, 0x78, 0x78, 0x78, 0x17, 0x0, 0x0,
    0x0, 0x0, 0x0, 0x0, 0x0, 0x51, 0xff, 0x5d,
    0xe4, 0xcb, 0x0, 0x0, 0x0, 0x0, 0x0, 0x0,
    0x0, 0x0, 0x0, 0x0, 0x0, 0x0, 0x0, 0x8,
    0xde, 0xc6, 0x0, 0xf0, 0xb8, 0x0, 0x0, 0x0,
    0x0, 0x0, 0x0, 0x0, 0x0, 0x0, 0x0, 0x0,
    0x0, 0x0, 0x7c, 0xfe, 0x37, 0x0, 0xf0, 0xb8,
    0x0, 0x0, 0x0, 0x0, 0x0, 0x0, 0x0, 0x0,
    0x0, 0x0, 0x0, 0x0, 0x1c, 0xf4, 0xa4, 0x0,
    0x0, 0xff, 0xd8, 0x20, 0x20, 0x20, 0x20, 0x20,
    0xc, 0x0, 0x0, 0x0, 0x0, 0x0, 0x0, 0xa6,
    0xf6, 0x1c, 0x0, 0x0, 0xff, 0xff, 0xff, 0xff,
    0xff, 0xff, 0xff, 0x60, 0x0, 0x0, 0x0, 0x0,
    0x0, 0x46, 0xff, 0xa5, 0x24, 0x24, 0x24, 0xff,
    0xff, 0x50, 0x50, 0x50, 0x50, 0x50, 0x1e, 0x0,
    0x0, 0x0, 0x0, 0x2, 0xff, 0xff, 0xff, 0xff,
    0xff, 0xff, 0xff, 0xb8, 0x0, 0x0, 0x0, 0x0,
    0x0, 0x0, 0x0, 0x0, 0x0, 0x0, 0x65, 0xff,
    0xb2, 0x54, 0x54, 0x54, 0x54, 0xff, 0xb8, 0x0,
    0x0, 0x0, 0x0, 0x0, 0x0, 0x0, 0x0, 0x0,
    0xf, 0xea, 0xcb, 0x1, 0x0, 0x0, 0x0, 0x0,
    0xf0, 0xb8, 0x0, 0x0, 0x0, 0x0, 0x0, 0x0,
    0x0, 0x0, 0x0, 0x8f, 0xff, 0x3c, 0x0, 0x0,
    0x0, 0x0, 0x0, 0xec, 0xc5, 0x0, 0x0, 0x0,
    0x0, 0x0, 0x0, 0x0, 0x0, 0x29, 0xfb, 0xa9,
    0x0, 0x0, 0x0, 0x0, 0x0, 0x0, 0xbc, 0xfe,
    0x90, 0x70, 0x70, 0x70, 0x70, 0x70, 0x15, 0x0,
    0xb9, 0xf8, 0x20, 0x0, 0x0, 0x0, 0x0, 0x0,
    0x0, 0x27, 0xca, 0xfc, 0xff, 0xff, 0xff, 0xff,
    0xff, 0x37,

    /* U+00C7 "Ç" */
    0x0, 0x0, 0x49, 0xb2, 0xe4, 0xfa, 0xff, 0xf6,
    0xd7, 0x3f, 0x0, 0x6e, 0xff, 0xf8, 0xaf, 0x8d,
    0x88, 0x8d, 0x9e, 0x2e, 0x17, 0xf5, 0xed, 0x29,
    0x0, 0x0, 0x0, 0x0, 0x0, 0x0, 0x6c, 0xff,
    0x84, 0x0, 0x0, 0x0, 0x0, 0x0, 0x0, 0x0,
    0x9d, 0xff, 0x45, 0x0, 0x0, 0x0, 0x0, 0x0,
    0x0, 0x0, 0xb9, 0xff, 0x25, 0x0, 0x0, 0x0,
    0x0, 0x0, 0x0, 0x0, 0xc5, 0xff, 0x19, 0x0,
    0x0, 0x0, 0x0, 0x0, 0x0, 0x0, 0xc5, 0xff,
    0x19, 0x0, 0x0, 0x0, 0x0, 0x0, 0x0, 0x0,
    0xb9, 0xff, 0x25, 0x0, 0x0, 0x0, 0x0, 0x0,
    0x0, 0x0, 0x9d, 0xff, 0x47, 0x0, 0x0, 0x0,
    0x0, 0x0, 0x0, 0x0, 0x6c, 0xff, 0x88, 0x0,
    0x0, 0x0, 0x0, 0x0, 0x0, 0x0, 0x17, 0xf5,
    0xf0, 0x31, 0x0, 0x0, 0x0, 0x0, 0x0, 0x0,
    0x0, 0x6e, 0xff, 0xfc, 0xbd, 0x9d, 0x98, 0x98,
    0xaa, 0x69, 0x0, 0x0, 0x49, 0xb3, 0xe5, 0xfa,
    0xfb, 0xec, 0xc7, 0x66, 0x0, 0x0, 0x0, 0x0,
    0x15, 0x39, 0x4, 0x0, 0x0, 0x0, 0x0, 0x0,
    0x0, 0x0, 0x4d, 0xd5, 0xb3, 0x0, 0x0, 0x0,
    0x0, 0x0, 0x0, 0x0, 0x0, 0x7f, 0xc2, 0x0,
    0x0, 0x0, 0x0, 0x0, 0x0, 0x28, 0xa1, 0xf3,
    0x47, 0x0, 0x0, 0x0, 0x0, 0x0, 0x0, 0x2b,
    0x5e, 0x1c, 0x0, 0x0, 0x0, 0x0,

    /* U+00C8 "È" */
    0x0, 0x0, 0x4a, 0x46, 0x0, 0x0, 0x0, 0x0,
    0x0, 0x0, 0x0, 0x1, 0xca, 0xfb, 0x68, 0x0,
    0x0, 0x0, 0x0, 0x0, 0x0, 0x0, 0x8, 0x85,
    0xfa, 0x8f, 0x2, 0x0, 0x0, 0x0, 0x0, 0x0,
    0x0, 0x0, 0x2b, 0xb7, 0x1e, 0x0, 0x0, 0x0,
    0x0, 0x0, 0x0, 0x0, 0x0, 0x0, 0x0, 0x0,
    0x0, 0x0, 0x0, 0x64, 0xdf, 0xfe, 0xff, 0xff,
    0xff, 0xff, 0xff, 0x2c, 0x2a, 0xfe, 0xdd, 0x76,
    0x70, 0x70, 0x70, 0x70, 0x70, 0xf, 0x5b, 0xff,
    0x6a, 0x0, 0x0, 0x0, 0x0, 0x0, 0x0, 0x0,
    0x60, 0xff, 0x60, 0x0, 0x0, 0x0, 0x0, 0x0,
    0x0, 0x0, 0x60, 0xff, 0x60, 0x0, 0x0, 0x0,
    0x0, 0x0, 0x0, 0x0, 0x60, 0xff, 0x7c, 0x1c,
    0x1c, 0x1c, 0x1c, 0x1c, 0x9, 0x0, 0x64, 0xff,
    0xff, 0xff, 0xff, 0xff, 0xff, 0xff, 0x58, 0x0,
    0x61, 0xff, 0xac, 0x4c, 0x4c, 0x4c, 0x4c, 0x4c,
    0x1a, 0x0, 0x60, 0xff, 0x60, 0x0, 0x0, 0x0,
    0x0, 0x0, 0x0, 0x0, 0x60, 0xff, 0x60, 0x0,
    0x0, 0x0, 0x0, 0x0, 0x0, 0x0, 0x60, 0xff,
    0x60, 0x0, 0x0, 0x0, 0x0, 0x0, 0x0, 0x0,
    0x5b, 0xff, 0x6a, 0x0, 0x0, 0x0, 0x0, 0x0,
    0x0, 0x0, 0x29, 0xfd, 0xdb, 0x72, 0x6c, 0x6c,
    0x6c, 0x6c, 0x6c, 0xe, 0x0, 0x64, 0xe0, 0xfe,
    0xff, 0xff, 0xff, 0xff, 0xff, 0x2c,

    /* U+00C9 "É" */
    0x0, 0x0, 0x0, 0x0, 0x0, 0x0, 0x51, 0x7f,
    0x0, 0x0, 0x0, 0x0, 0x0, 0x0, 0x0, 0x73,
    0xfd, 0xce, 0xa, 0x0, 0x0, 0x0, 0x0, 0x4,
    0x98, 0xf5, 0x75, 0x4, 0x0, 0x0, 0x0, 0x0,
    0x0, 0x9, 0x95, 0x20, 0x0, 0x0, 0x0, 0x0,
    0x0, 0x0, 0x0, 0x0, 0x0, 0x0, 0x0, 0x0,
    0x0, 0x0, 0x0, 0x64, 0xdf, 0xfe, 0xff, 0xff,
    0xff, 0xff, 0xff, 0x2c, 0x2a, 0xfe, 0xdd, 0x76,
    0x70, 0x70, 0x70, 0x70, 0x70, 0xf, 0x5b, 0xff,
    0x6a, 0x0, 0x0, 0x0, 0x0, 0x0, 0x0, 0x0,
    0x60, 0xff, 0x60, 0x0, 0x0, 0x0, 0x0, 0x0,
    0x0, 0x0, 0x60, 0xff, 0x60, 0x0, 0x0, 0x0,
    0x0, 0x0, 0x0, 0x0, 0x60, 0xff, 0x7c, 0x1c,
    0x1c, 0x1c, 0x1c, 0x1c, 0x9, 0x0, 0x64, 0xff,
    0xff, 0xff, 0xff, 0xff, 0xff, 0xff, 0x58, 0x0,
    0x61, 0xff, 0xac, 0x4c, 0x4c, 0x4c, 0x4c, 0x4c,
    0x1a, 0x0, 0x60, 0xff, 0x60, 0x0, 0x0, 0x0,
    0x0, 0x0, 0x0, 0x0, 0x60, 0xff, 0x60, 0x0,
    0x0, 0x0, 0x0, 0x0, 0x0, 0x0, 0x60, 0xff,
    0x60, 0x0, 0x0, 0x0, 0x0, 0x0, 0x0, 0x0,
    0x5b, 0xff, 0x6a, 0x0, 0x0, 0x0, 0x0, 0x0,
    0x0, 0x0, 0x29, 0xfd, 0xdb, 0x72, 0x6c, 0x6c,
    0x6c, 0x6c, 0x6c, 0xe, 0x0, 0x64, 0xe0, 0xfe,
    0xff, 0xff, 0xff, 0xff, 0xff, 0x2c,

    /* U+00CA "Ê" */
    0x0, 0x0, 0x0, 0x24, 0xda, 0xfb, 0x64, 0x0,
    0x0, 0x0, 0x0, 0x0, 0x39, 0xeb, 0xa4, 0x66,
    0xef, 0x86, 0x1, 0x0, 0x0, 0x1, 0xb3, 0x4e,
    0x0, 0x0, 0x1c, 0xb5, 0x33, 0x0, 0x0, 0x0,
    0x0, 0x0, 0x0, 0x0, 0x0, 0x0, 0x0, 0x0,
    0x0, 0x64, 0xdf, 0xfe, 0xff, 0xff, 0xff, 0xff,
    0xff, 0x2c, 0x2a, 0xfe, 0xdd, 0x76, 0x70, 0x70,
    0x70, 0x70, 0x70, 0xf, 0x5b, 0xff, 0x6a, 0x0,
    0x0, 0x0, 0x0, 0x0, 0x0, 0x0, 0x60, 0xff,
    0x60, 0x0, 0x0, 0x0, 0x0, 0x0, 0x0, 0x0,
    0x60, 0xff, 0x60, 0x0, 0x0, 0x0, 0x0, 0x0,
    0x0, 0x0, 0x60, 0xff, 0x7c, 0x1c, 0x1c, 0x1c,
    0x1c, 0x1c, 0x9, 0x0, 0x64, 0xff, 0xff, 0xff,
    0xff, 0xff, 0xff, 0xff, 0x58, 0x0, 0x61, 0xff,
    0xac, 0x4c, 0x4c, 0x4c, 0x4c, 0x4c, 0x1a, 0x0,
    0x60, 0xff, 0x60, 0x0, 0x0, 0x0, 0x0, 0x0,
    0x0, 0x0, 0x60, 0xff, 0x60, 0x0, 0x0, 0x0,
    0x0, 0x0, 0x0, 0x0, 0x60, 0xff, 0x60, 0x0,
    0x0, 0x0, 0x0, 0x0, 0x0, 0x0, 0x5b, 0xff,
    0x6a, 0x0, 0x0, 0x0, 0x0, 0x0, 0x0, 0x0,
    0x29, 0xfd, 0xdb, 0x72, 0x6c, 0x6c, 0x6c, 0x6c,
    0x6c, 0xe, 0x0, 0x64, 0xe0, 0xfe, 0xff, 0xff,
    0xff, 0xff, 0xff, 0x2c,

    /* U+00CB "Ë" */
    0x0, 0x0, 0x4a, 0xfb, 0x1d, 0x0, 0xbd, 0xa8,
    0x0, 0x0, 0x0, 0x0, 0x4f, 0xff, 0x20, 0x0,
    0xc3, 0xaf, 0x0, 0x0, 0x0, 0x0, 0x0, 0xb,
    0x0, 0x0, 0x6, 0x5, 0x0, 0x0, 0x0, 0x0,
    0x0, 0x0, 0x0, 0x0, 0x0, 0x0, 0x0, 0x0,
    0x0, 0x64, 0xdf, 0xfe, 0xff, 0xff, 0xff, 0xff,
    0xff, 0x2c, 0x2a, 0xfe, 0xdd, 0x76, 0x70, 0x70,
    0x70, 0x70, 0x70, 0xf, 0x5b, 0xff, 0x6a, 0x0,
    0x0, 0x0, 0x0, 0x0, 0x0, 0x0, 0x60, 0xff,
    0x60, 0x0, 0x0, 0x0, 0x0, 0x0, 0x0, 0x0,
    0x60, 0xff, 0x60, 0x0, 0x0, 0x0, 0x0, 0x0,
    0x0, 0x0, 0x60, 0xff, 0x7c, 0x1c, 0x1c, 0x1c,
    0x1c, 0x1c, 0x9, 0x0, 0x64, 0xff, 0xff, 0xff,
    0xff, 0xff, 0xff, 0xff, 0x58, 0x0, 0x61, 0xff,
    0xac, 0x4c, 0x4c, 0x4c, 0x4c, 0x4c, 0x1a, 0x0,
    0x60, 0xff, 0x60, 0x0, 0x0, 0x0, 0x0, 0x0,
    0x0, 0x0, 0x60, 0xff, 0x60, 0x0, 0x0, 0x0,
    0x0, 0x0, 0x0, 0x0, 0x60, 0xff, 0x60, 0x0,
    0x0, 0x0, 0x0, 0x0, 0x0, 0x0, 0x5b, 0xff,
    0x6a, 0x0, 0x0, 0x0, 0x0, 0x0, 0x0, 0x0,
    0x29, 0xfd, 0xdb, 0x72, 0x6c, 0x6c, 0x6c, 0x6c,
    0x6c, 0xe, 0x0, 0x64, 0xe0, 0xfe, 0xff, 0xff,
    0xff, 0xff, 0xff, 0x2c,

    /* U+00CC "Ì" */
    0x0, 0x32, 0x0, 0x0, 0x0, 0x5f, 0xfd, 0x72,
    0x0, 0x0, 0xd, 0x92, 0xfd, 0x99, 0x4, 0x0,
    0x0, 0x34, 0xce, 0x87, 0x0, 0x0, 0x0, 0x3,
    0xf, 0x0, 0x0, 0x44, 0xff, 0x80, 0x0, 0x0,
    0x44, 0xff, 0x80, 0x0, 0x0, 0x44, 0xff, 0x80,
    0x0, 0x0, 0x44, 0xff, 0x80, 0x0, 0x0, 0x44,
    0xff, 0x80, 0x0, 0x0, 0x44, 0xff, 0x80, 0x0,
    0x0, 0x44, 0xff, 0x80, 0x0, 0x0, 0x44, 0xff,
    0x80, 0x0, 0x0, 0x44, 0xff, 0x80, 0x0, 0x0,
    0x44, 0xff, 0x80, 0x0, 0x0, 0x44, 0xff, 0x80,
    0x0, 0x0, 0x44, 0xff, 0x80, 0x0, 0x0, 0x44,
    0xff, 0x80, 0x0, 0x0, 0x44, 0xff, 0x80,

    /* U+00CD "Í" */
    0x0, 0x0, 0x0, 0x5c, 0x1, 0x0, 0x6, 0xa4,
    0xff, 0x5e, 0x13, 0xc2, 0xf0, 0x69, 0x1, 0x91,
    0xa9, 0x18, 0x0, 0x0, 0x3, 0x0, 0x0, 0x0,
    0x0, 0x44, 0xff, 0x80, 0x0, 0x0, 0x44, 0xff,
    0x80, 0x0, 0x0, 0x44, 0xff, 0x80, 0x0, 0x0,
    0x44, 0xff, 0x80, 0x0, 0x0, 0x44, 0xff, 0x80,
    0x0, 0x0, 0x44, 0xff, 0x80, 0x0, 0x0, 0x44,
    0xff, 0x80, 0x0, 0x0, 0x44, 0xff, 0x80, 0x0,
    0x0, 0x44, 0xff, 0x80, 0x0, 0x0, 0x44, 0xff,
    0x80, 0x0, 0x0, 0x44, 0xff, 0x80, 0x0, 0x0,
    0x44, 0xff, 0x80, 0x0, 0x0, 0x44, 0xff, 0x80,
    0x0, 0x0, 0x44, 0xff, 0x80, 0x0, 0x0,

    /* U+00CE "Î" */
    0x0, 0x0, 0x87, 0xff, 0xb6, 0xa, 0x0, 0x2,
    0x98, 0xef, 0x70, 0xd7, 0xc4, 0x10, 0x69, 0xc4,
    0x1e, 0x0, 0xa, 0x9e, 0xa3, 0x6, 0x3, 0x0,
    0x0, 0x0, 0x0, 0x9, 0x0, 0x0, 0x44, 0xff,
    0x80, 0x0, 0x0, 0x0, 0x0, 0x44, 0xff, 0x80,
    0x0, 0x0, 0x0, 0x0, 0x44, 0xff, 0x80, 0x0,
    0x0, 0x0, 0x0, 0x44, 0xff, 0x80, 0x0, 0x0,
    0x0, 0x0, 0x44, 0xff, 0x80, 0x0, 0x0, 0x0,
    0x0, 0x44, 0xff, 0x80, 0x0, 0x0, 0x0, 0x0,
    0x44, 0xff, 0x80, 0x0, 0x0, 0x0, 0x0, 0x44,
    0xff, 0x80, 0x0, 0x0, 0x0, 0x0, 0x44, 0xff,
    0x80, 0x0, 0x0, 0x0, 0x0, 0x44, 0xff, 0x80,
    0x0, 0x0, 0x0, 0x0, 0x44, 0xff, 0x80, 0x0,
    0x0, 0x0, 0x0, 0x44, 0xff, 0x80, 0x0, 0x0,
    0x0, 0x0, 0x44, 0xff, 0x80, 0x0, 0x0, 0x0,
    0x0, 0x44, 0xff, 0x80, 0x0, 0x0,

    /* U+00CF "Ï" */
    0x8, 0x3, 0x0, 0x0, 0xb, 0x0, 0xe3, 0x8c,
    0x0, 0x57, 0xff, 0x1c, 0xdd, 0x85, 0x0, 0x51,
    0xfa, 0x1a, 0x0, 0x0, 0x0, 0x0, 0x0, 0x0,
    0x0, 0x44, 0xff, 0x80, 0x0, 0x0, 0x0, 0x44,
    0xff, 0x80, 0x0, 0x0, 0x0, 0x44, 0xff, 0x80,
    0x0, 0x0, 0x0, 0x44, 0xff, 0x80, 0x0, 0x0,
    0x0, 0x44, 0xff, 0x80, 0x0, 0x0, 0x0, 0x44,
    0xff, 0x80, 0x0, 0x0, 0x0, 0x44, 0xff, 0x80,
    0x0, 0x0, 0x0, 0x44, 0xff, 0x80, 0x0, 0x0,
    0x0, 0x44, 0xff, 0x80, 0x0, 0x0, 0x0, 0x44,
    0xff, 0x80, 0x0, 0x0, 0x0, 0x44, 0xff, 0x80,
    0x0, 0x0, 0x0, 0x44, 0xff, 0x80, 0x0, 0x0,
    0x0, 0x44, 0xff, 0x80, 0x0, 0x0, 0x0, 0x44,
    0xff, 0x80, 0x0, 0x0,

    /* U+00D0 "Ð" */
    0x0, 0x38, 0xff, 0xff, 0xff, 0xff, 0xff, 0xf2,
    0xd0, 0x81, 0xe, 0x0, 0x0, 0x0, 0x30, 0xff,
    0xff, 0x80, 0x80, 0x81, 0x95, 0xdd, 0xff, 0xce,
    0x7, 0x0, 0x0, 0x30, 0xff, 0x94, 0x0, 0x0,
    0x0, 0x0, 0x3, 0xb2, 0xff, 0x6f, 0x0, 0x0,
    0x30, 0xff, 0x94, 0x0, 0x0, 0x0, 0x0, 0x0,
    0x28, 0xff, 0xc3, 0x0, 0x0, 0x30, 0xff, 0x94,
    0x0, 0x0, 0x0, 0x0, 0x0, 0x0, 0xea, 0xf2,
    0x0, 0x0, 0x30, 0xff, 0x94, 0x0, 0x0, 0x0,
    0x0, 0x0, 0x0, 0xc9, 0xff, 0xf, 0x8b, 0xff,
    0xff, 0xff, 0xf8, 0xf8, 0x9b, 0x0, 0x0, 0x0,
    0xbd, 0xff, 0x1a, 0x0, 0x30, 0xff, 0x94, 0x0,
    0x0, 0x0, 0x0, 0x0, 0x0, 0xbe, 0xff, 0x1a,
    0x0, 0x30, 0xff, 0x94, 0x0, 0x0, 0x0, 0x0,
    0x0, 0x0, 0xc9, 0xff, 0xf, 0x0, 0x30, 0xff,
    0x94, 0x0, 0x0, 0x0, 0x0, 0x0, 0x0, 0xea,
    0xf2, 0x0, 0x0, 0x30, 0xff, 0x94, 0x0, 0x0,
    0x0, 0x0, 0x0, 0x2a, 0xff, 0xc3, 0x0, 0x0,
    0x30, 0xff, 0x94, 0x0, 0x0, 0x0, 0x0, 0x5,
    0xb6, 0xff, 0x6e, 0x0, 0x0, 0x30, 0xff, 0xff,
    0x8c, 0x8c, 0x8c, 0xa0, 0xe4, 0xff, 0xcb, 0x6,
    0x0, 0x0, 0x38, 0xff, 0xff, 0xff, 0xff, 0xff,
    0xf3, 0xd1, 0x81, 0xd, 0x0, 0x0,

    /* U+00D1 "Ñ" */
    0x0, 0x0, 0x0, 0x2e, 0x8b, 0x65, 0xb, 0x0,
    0x36, 0x37, 0x0, 0x0, 0x0, 0x0, 0x0, 0xcb,
    0x94, 0xb6, 0xea, 0xa2, 0xd5, 0x56, 0x0, 0x0,
    0x0, 0x0, 0x0, 0x69, 0x0, 0x0, 0x28, 0x77,
    0x6d, 0x3, 0x0, 0x0, 0x0, 0x0, 0x0, 0x0,
    0x0, 0x0, 0x0, 0x0, 0x0, 0x0, 0x0, 0x0,
    0x2b, 0xf7, 0xff, 0xc5, 0x1, 0x0, 0x0, 0x0,
    0x0, 0x60, 0xff, 0x5c, 0x44, 0xff, 0xdf, 0xff,
    0x4e, 0x0, 0x0, 0x0, 0x0, 0x60, 0xff, 0x5c,
    0x44, 0xff, 0x7c, 0xe8, 0xc5, 0x0, 0x0, 0x0,
    0x0, 0x60, 0xff, 0x5c, 0x44, 0xff, 0x7e, 0x7b,
    0xff, 0x3d, 0x0, 0x0, 0x0, 0x60, 0xff, 0x5c,
    0x44, 0xff, 0x80, 0x11, 0xf2, 0xb5, 0x0, 0x0,
    0x0, 0x60, 0xff, 0x5c, 0x44, 0xff, 0x80, 0x0,
    0x8b, 0xff, 0x2d, 0x0, 0x0, 0x60, 0xff, 0x5c,
    0x44, 0xff, 0x80, 0x0, 0x19, 0xf8, 0xa4, 0x0,
    0x0, 0x60, 0xff, 0x5c, 0x44, 0xff, 0x80, 0x0,
    0x0, 0x9a, 0xfb, 0x20, 0x0, 0x60, 0xff, 0x5c,
    0x44, 0xff, 0x80, 0x0, 0x0, 0x24, 0xfd, 0x94,
    0x0, 0x60, 0xff, 0x5c, 0x44, 0xff, 0x80, 0x0,
    0x0, 0x0, 0xa9, 0xf6, 0x15, 0x60, 0xff, 0x5c,
    0x44, 0xff, 0x80, 0x0, 0x0, 0x0, 0x31, 0xff,
    0x84, 0x5e, 0xff, 0x5c, 0x44, 0xff, 0x80, 0x0,
    0x0, 0x0, 0x0, 0xb8, 0xef, 0x65, 0xff, 0x5c,
    0x44, 0xff, 0x80, 0x0, 0x0, 0x0, 0x0, 0x3f,
    0xff, 0xe1, 0xff, 0x5c, 0x44, 0xff, 0x80, 0x0,
    0x0, 0x0, 0x0, 0x0, 0xb8, 0xff, 0xfb, 0x41,

    /* U+00D2 "Ò" */
    0x0, 0x0, 0x0, 0xa, 0x0, 0x0, 0x0, 0x0,
    0x0, 0x0, 0x0, 0x0, 0x0, 0x0, 0x28, 0xe7,
    0x4c, 0x0, 0x0, 0x0, 0x0, 0x0, 0x0, 0x0,
    0x0, 0x0, 0x26, 0xc1, 0xfd, 0x6f, 0x0, 0x0,
    0x0, 0x0, 0x0, 0x0, 0x0, 0x0, 0x0, 0x1,
    0x63, 0xed, 0x86, 0x0, 0x0, 0x0, 0x0, 0x0,
    0x0, 0x0, 0x0, 0x0, 0x0, 0x15, 0x35, 0x0,
    0x0, 0x0, 0x0, 0x0, 0x0, 0x0, 0x53, 0xb9,
    0xea, 0xfa, 0xf2, 0xcf, 0x80, 0xe, 0x0, 0x0,
    0x0, 0x7d, 0xff, 0xfc, 0xbc, 0x9b, 0xaa, 0xec,
    0xff, 0xcd, 0x7, 0x0, 0x1f, 0xfb, 0xf0, 0x31,
    0x0, 0x0, 0x0, 0xa, 0xbd, 0xff, 0x70, 0x0,
    0x6f, 0xff, 0x87, 0x0, 0x0, 0x0, 0x0, 0x0,
    0x2c, 0xff, 0xc4, 0x0, 0x9e, 0xff, 0x46, 0x0,
    0x0, 0x0, 0x0, 0x0, 0x0, 0xeb, 0xf2, 0x0,
    0xb9, 0xff, 0x25, 0x0, 0x0, 0x0, 0x0, 0x0,
    0x0, 0xc9, 0xff, 0xf, 0xc3, 0xff, 0x19, 0x0,
    0x0, 0x0, 0x0, 0x0, 0x0, 0xbe, 0xff, 0x1a,
    0xc4, 0xff, 0x19, 0x0, 0x0, 0x0, 0x0, 0x0,
    0x0, 0xbe, 0xff, 0x1a, 0xb9, 0xff, 0x25, 0x0,
    0x0, 0x0, 0x0, 0x0, 0x0, 0xca, 0xff, 0xf,
    0x9e, 0xff, 0x47, 0x0, 0x0, 0x0, 0x0, 0x0,
    0x0, 0xeb, 0xf2, 0x0, 0x6f, 0xff, 0x88, 0x0,
    0x0, 0x0, 0x0, 0x0, 0x2d, 0xff, 0xc4, 0x0,
    0x1f, 0xfa, 0xf0, 0x31, 0x0, 0x0, 0x0, 0xa,
    0xbd, 0xff, 0x70, 0x0, 0x0, 0x7d, 0xff, 0xfc,
    0xbe, 0x9f, 0xad, 0xed, 0xff, 0xce, 0x7, 0x0,
    0x0, 0x0, 0x56, 0xbc, 0xeb, 0xfb, 0xf4, 0xd2,
    0x84, 0xe, 0x0, 0x0,

    /* U+00D3 "Ó" */
    0x0, 0x0, 0x0, 0x0, 0x0, 0x0, 0x0, 0x22,
    0x0, 0x0, 0x0, 0x0, 0x0, 0x0, 0x0, 0x0,
    0x0, 0x0, 0x52, 0xf6, 0x61, 0x0, 0x0, 0x0,
    0x0, 0x0, 0x0, 0x0, 0x0, 0x74, 0xfe, 0xb7,
    0x21, 0x0, 0x0, 0x0, 0x0, 0x0, 0x0, 0x0,
    0x71, 0xe7, 0x58, 0x0, 0x0, 0x0, 0x0, 0x0,
    0x0, 0x0, 0x0, 0x0, 0x16, 0x10, 0x0, 0x0,
    0x0, 0x0, 0x0, 0x0, 0x0, 0x0, 0x53, 0xb9,
    0xea, 0xfa, 0xf2, 0xcf, 0x80, 0xe, 0x0, 0x0,
    0x0, 0x7d, 0xff, 0xfc, 0xbc, 0x9b, 0xaa, 0xec,
    0xff, 0xcd, 0x7, 0x0, 0x1f, 0xfb, 0xf0, 0x31,
    0x0, 0x0, 0x0, 0xa, 0xbd, 0xff, 0x70, 0x0,
    0x6f, 0xff, 0x87, 0x0, 0x0, 0x0, 0x0, 0x0,
    0x2c, 0xff, 0xc4, 0x0, 0x9e, 0xff, 0x46, 0x0,
    0x0, 0x0, 0x0, 0x0, 0x0, 0xeb, 0xf2, 0x0,
    0xb9, 0xff, 0x25, 0x0, 0x0, 0x0, 0x0, 0x0,
    0x0, 0xc9, 0xff, 0xf, 0xc3, 0xff, 0x19, 0x0,
    0x0, 0x0, 0x0, 0x0, 0x0, 0xbe, 0xff, 0x1a,
    0xc4, 0xff, 0x19, 0x0, 0x0, 0x0, 0x0, 0x0,
    0x0, 0xbe, 0xff, 0x1a, 0xb9, 0xff, 0x25, 0x0,
    0x0, 0x0, 0x0, 0x0, 0x0, 0xca, 0xff, 0xf,
    0x9e, 0xff, 0x47, 0x0, 0x0, 0x0, 0x0, 0x0,
    0x0, 0xeb, 0xf2, 0x0, 0x6f, 0xff, 0x88, 0x0,
    0x0, 0x0, 0x0, 0x0, 0x2d, 0xff, 0xc4, 0x0,
    0x1f, 0xfa, 0xf0, 0x31, 0x0, 0x0, 0x0, 0xa,
    0xbd, 0xff, 0x70, 0x0, 0x0, 0x7d, 0xff, 0xfc,
    0xbe, 0x9f, 0xad, 0xed, 0xff, 0xce, 0x7, 0x0,
    0x0, 0x0, 0x56, 0xbc, 0xeb, 0xfb, 0xf4, 0xd2,
    0x84, 0xe, 0x0, 0x0,

    /* U+00D4 "Ô" */
    0x0, 0x0, 0x0, 0x0, 0x6a, 0xfe, 0xc4, 0xd,
    0x0, 0x0, 0x0, 0x0, 0x0, 0x0, 0x0, 0x6b,
    0xfc, 0x91, 0xde, 0xc7, 0xf, 0x0, 0x0, 0x0,
    0x0, 0x0, 0x4d, 0xec, 0x49, 0x0, 0x12, 0xb7,
    0xbb, 0x0, 0x0, 0x0, 0x0, 0x0, 0xb, 0x1f,
    0x0, 0x0, 0x0, 0x2, 0x29, 0x0, 0x0, 0x0,
    0x0, 0x0, 0x53, 0xb9, 0xea, 0xfa, 0xf2, 0xcf,
    0x80, 0xe, 0x0, 0x0, 0x0, 0x7d, 0xff, 0xfc,
    0xbc, 0x9b, 0xaa, 0xec, 0xff, 0xcd, 0x7, 0x0,
    0x1f, 0xfb, 0xf0, 0x31, 0x0, 0x0, 0x0, 0xa,
    0xbd, 0xff, 0x70, 0x0, 0x6f, 0xff, 0x87, 0x0,
    0x0, 0x0, 0x0, 0x0, 0x2c, 0xff, 0xc4, 0x0,
    0x9e, 0xff, 0x46, 0x0, 0x0, 0x0, 0x0, 0x0,
    0x0, 0xeb, 0xf2, 0x0, 0xb9, 0xff, 0x25, 0x0,
    0x0, 0x0, 0x0, 0x0, 0x0, 0xc9, 0xff, 0xf,
    0xc3, 0xff, 0x19, 0x0, 0x0, 0x0, 0x0, 0x0,
    0x0, 0xbe, 0xff, 0x1a, 0xc4, 0xff, 0x19, 0x0,
    0x0, 0x0, 0x0, 0x0, 0x0, 0xbe, 0xff, 0x1a,
    0xb9, 0xff, 0x25, 0x0, 0x0, 0x0, 0x0, 0x0,
    0x0, 0xca, 0xff, 0xf, 0x9e, 0xff, 0x47, 0x0,
    0x0, 0x0, 0x0, 0x0, 0x0, 0xeb, 0xf2, 0x0,
    0x6f, 0xff, 0x88, 0x0, 0x0, 0x0, 0x0, 0x0,
    0x2d, 0xff, 0xc4, 0x0, 0x1f, 0xfa, 0xf0, 0x31,
    0x0, 0x0, 0x0, 0xa, 0xbd, 0xff, 0x70, 0x0,
    0x0, 0x7d, 0xff, 0xfc, 0xbe, 0x9f, 0xad, 0xed,
    0xff, 0xce, 0x7, 0x0, 0x0, 0x0, 0x56, 0xbc,
    0xeb, 0xfb, 0xf4, 0xd2, 0x84, 0xe, 0x0, 0x0,

    /* U+00D5 "Õ" */
    0x0, 0x0, 0x0, 0x8, 0x8, 0x0, 0x0, 0x0,
    0x0, 0x0, 0x0, 0x0, 0x0, 0x0, 0x1e, 0xeb,
    0xf8, 0x95, 0x15, 0x7, 0xd5, 0x0, 0x0, 0x0,
    0x0, 0x0, 0x68, 0xa9, 0x5c, 0xc9, 0xfa, 0xe6,
    0xb6, 0x0, 0x0, 0x0, 0x0, 0x0, 0x38, 0x30,
    0x0, 0x2, 0x4f, 0x81, 0x1c, 0x0, 0x0, 0x0,
    0x0, 0x0, 0x0, 0x0, 0x0, 0x0, 0x0, 0x0,
    0x0, 0x0, 0x0, 0x0, 0x0, 0x0, 0x53, 0xb9,
    0xea, 0xfa, 0xf2, 0xcf, 0x80, 0xe, 0x0, 0x0,
    0x0, 0x7d, 0xff, 0xfc, 0xbc, 0x9b, 0xaa, 0xec,
    0xff, 0xcd, 0x7, 0x0, 0x1f, 0xfb, 0xf0, 0x31,
    0x0, 0x0, 0x0, 0xa, 0xbd, 0xff, 0x70, 0x0,
    0x6f, 0xff, 0x87, 0x0, 0x0, 0x0, 0x0, 0x0,
    0x2c, 0xff, 0xc4, 0x0, 0x9e, 0xff, 0x46, 0x0,
    0x0, 0x0, 0x0, 0x0, 0x0, 0xeb, 0xf2, 0x0,
    0xb9, 0xff, 0x25, 0x0, 0x0, 0x0, 0x0, 0x0,
    0x0, 0xc9, 0xff, 0xf, 0xc3, 0xff, 0x19, 0x0,
    0x0, 0x0, 0x0, 0x0, 0x0, 0xbe, 0xff, 0x1a,
    0xc4, 0xff, 0x19, 0x0, 0x0, 0x0, 0x0, 0x0,
    0x0, 0xbe, 0xff, 0x1a, 0xb9, 0xff, 0x25, 0x0,
    0x0, 0x0, 0x0, 0x0, 0x0, 0xca, 0xff, 0xf,
    0x9e, 0xff, 0x47, 0x0, 0x0, 0x0, 0x0, 0x0,
    0x0, 0xeb, 0xf2, 0x0, 0x6f, 0xff, 0x88, 0x0,
    0x0, 0x0, 0x0, 0x0, 0x2d, 0xff, 0xc4, 0x0,
    0x1f, 0xfa, 0xf0, 0x31, 0x0, 0x0, 0x0, 0xa,
    0xbd, 0xff, 0x70, 0x0, 0x0, 0x7d, 0xff, 0xfc,
    0xbe, 0x9f, 0xad, 0xed, 0xff, 0xce, 0x7, 0x0,
    0x0, 0x0, 0x56, 0xbc, 0xeb, 0xfb, 0xf4, 0xd2,
    0x84, 0xe, 0x0, 0x0,

    /* U+00D6 "Ö" */
    0x0, 0x0, 0x0, 0xc2, 0xa1, 0x0, 0x3b, 0xfb,
    0x30, 0x0, 0x0, 0x0, 0x0, 0x0, 0x0, 0xc7,
    0xa7, 0x0, 0x3f, 0xff, 0x33, 0x0, 0x0, 0x0,
    0x0, 0x0, 0x0, 0x7, 0x4, 0x0, 0x0, 0xb,
    0x0, 0x0, 0x0, 0x0, 0x0, 0x0, 0x0, 0x0,
    0x0, 0x0, 0x0, 0x0, 0x0, 0x0, 0x0, 0x0,
    0x0, 0x0, 0x53, 0xb9, 0xea, 0xfa, 0xf2, 0xcf,
    0x80, 0xe, 0x0, 0x0, 0x0, 0x7d, 0xff, 0xfc,
    0xbc, 0x9b, 0xaa, 0xec, 0xff, 0xcd, 0x7, 0x0,
    0x1f, 0xfb, 0xf0, 0x31, 0x0, 0x0, 0x0, 0xa,
    0xbd, 0xff, 0x70, 0x0, 0x6f, 0xff, 0x87, 0x0,
    0x0, 0x0, 0x0, 0x0, 0x2c, 0xff, 0xc4, 0x0,
    0x9e, 0xff, 0x46, 0x0, 0x0, 0x0, 0x0, 0x0,
    0x0, 0xeb, 0xf2, 0x0, 0xb9, 0xff, 0x25, 0x0,
    0x0, 0x0, 0x0, 0x0, 0x0, 0xc9, 0xff, 0xf,
    0xc3, 0xff, 0x19, 0x0, 0x0, 0x0, 0x0, 0x0,
    0x0, 0xbe, 0xff, 0x1a, 0xc4, 0xff, 0x19, 0x0,
    0x0, 0x0, 0x0, 0x0, 0x0, 0xbe, 0xff, 0x1a,
    0xb9, 0xff, 0x25, 0x0, 0x0, 0x0, 0x0, 0x0,
    0x0, 0xca, 0xff, 0xf, 0x9e, 0xff, 0x47, 0x0,
    0x0, 0x0, 0x0, 0x0, 0x0, 0xeb, 0xf2, 0x0,
    0x6f, 0xff, 0x88, 0x0, 0x0, 0x0, 0x0, 0x0,
    0x2d, 0xff, 0xc4, 0x0, 0x1f, 0xfa, 0xf0, 0x31,
    0x0, 0x0, 0x0, 0xa, 0xbd, 0xff, 0x70, 0x0,
    0x0, 0x7d, 0xff, 0xfc, 0xbe, 0x9f, 0xad, 0xed,
    0xff, 0xce, 0x7, 0x0, 0x0, 0x0, 0x56, 0xbc,
    0xeb, 0xfb, 0xf4, 0xd2, 0x84, 0xe, 0x0, 0x0,

    /* U+00D7 "×" */
    0x0, 0x34, 0xc, 0x0, 0x0, 0x0, 0x0, 0x1f,
    0x22, 0x1, 0xd4, 0xcd, 0x16, 0x0, 0x0, 0x2f,
    0xe6, 0xa1, 0x0, 0x1f, 0xd8, 0xdc, 0x23, 0x40,
    0xf0, 0xb5, 0xa, 0x0, 0x0, 0x13, 0xc8, 0xff,
    0xff, 0xa1, 0x4, 0x0, 0x0, 0x0, 0x0, 0x78,
    0xff, 0xff, 0x46, 0x0, 0x0, 0x0, 0x0, 0x86,
    0xfe, 0x76, 0x9f, 0xfa, 0x5a, 0x0, 0x1, 0x9f,
    0xfa, 0x5b, 0x0, 0x0, 0x87, 0xfe, 0x6f, 0x0,
    0x8a, 0x47, 0x0, 0x0, 0x0, 0x0, 0x6e, 0x61,

    /* U+00D8 "Ø" */
    0x0, 0x0, 0x0, 0x0, 0x0, 0x0, 0x0, 0x0,
    0xd, 0xf, 0x0, 0x0, 0x0, 0x0, 0x0, 0x0,
    0x0, 0x0, 0x0, 0x0, 0x82, 0x93, 0x0, 0x0,
    0x0, 0x0, 0x53, 0xb9, 0xea, 0xfa, 0xf2, 0xda,
    0xff, 0x30, 0x0, 0x0, 0x0, 0x7d, 0xff, 0xfc,
    0xbc, 0x9b, 0xaa, 0xff, 0xff, 0xcd, 0x7, 0x0,
    0x1f, 0xfb, 0xf0, 0x31, 0x0, 0x0, 0x5, 0xec,
    0xed, 0xff, 0x70, 0x0, 0x6f, 0xff, 0x87, 0x0,
    0x0, 0x0, 0x60, 0xb7, 0x2c, 0xff, 0xc4, 0x0,
    0x9e, 0xff, 0x46, 0x0, 0x0, 0x1, 0xd6, 0x3f,
    0x0, 0xeb, 0xf2, 0x0, 0xb9, 0xff, 0x25, 0x0,
    0x0, 0x50, 0xc7, 0x0, 0x0, 0xc9, 0xff, 0xf,
    0xc3, 0xff, 0x19, 0x0, 0x0, 0xc7, 0x4f, 0x0,
    0x0, 0xbe, 0xff, 0x1a, 0xc4, 0xff, 0x19, 0x0,
    0x3f, 0xd5, 0x1, 0x0, 0x0, 0xbe, 0xff, 0x1a,
    0xb9, 0xff, 0x25, 0x0, 0xb7, 0x5f, 0x0, 0x0,
    0x0, 0xca, 0xff, 0xf, 0x9e, 0xff, 0x47, 0x2e,
    0xe0, 0x5, 0x0, 0x0, 0x0, 0xeb, 0xf2, 0x0,
    0x6f, 0xff, 0x88, 0xa6, 0x6e, 0x0, 0x0, 0x0,
    0x2d, 0xff, 0xc4, 0x0, 0x1f, 0xfa, 0xff, 0xff,
    0xa, 0x0, 0x0, 0xa, 0xbd, 0xff, 0x70, 0x0,
    0x0, 0x7d, 0xff, 0xff, 0xbe, 0x9f, 0xad, 0xed,
    0xff, 0xce, 0x7, 0x0, 0x0, 0x15, 0xff, 0xcf,
    0xeb, 0xfb, 0xf4, 0xd2, 0x84, 0xe, 0x0, 0x0,
    0x0, 0x42, 0x7c, 0x0, 0x0, 0x0, 0x0, 0x0,
    0x0, 0x0, 0x0, 0x0,

    /* U+00D9 "Ù" */
    0x0, 0x0, 0x0, 0x32, 0x0, 0x0, 0x0, 0x0,
    0x0, 0x0, 0x0, 0x0, 0x0, 0x4f, 0xfe, 0x7e,
    0x0, 0x0, 0x0, 0x0, 0x0, 0x0, 0x0, 0x0,
    0x9, 0x88, 0xfb, 0xa4, 0x7, 0x0, 0x0, 0x0,
    0x0, 0x0, 0x0, 0x0, 0x0, 0x2e, 0xc7, 0x93,
    0x0, 0x0, 0x0, 0x0, 0x0, 0x0, 0x0, 0x0,
    0x0, 0x2, 0x10, 0x0, 0x0, 0x0, 0x0, 0x5c,
    0xff, 0x68, 0x0, 0x0, 0x0, 0x0, 0x0, 0x14,
    0xff, 0xb0, 0x5c, 0xff, 0x68, 0x0, 0x0, 0x0,
    0x0, 0x0, 0x14, 0xff, 0xb0, 0x5c, 0xff, 0x68,
    0x0, 0x0, 0x0, 0x0, 0x0, 0x14, 0xff, 0xb0,
    0x5c, 0xff, 0x68, 0x0, 0x0, 0x0, 0x0, 0x0,
    0x14, 0xff, 0xb0, 0x5c, 0xff, 0x68, 0x0, 0x0,
    0x0, 0x0, 0x0, 0x14, 0xff, 0xb0, 0x5c, 0xff,
    0x68, 0x0, 0x0, 0x0, 0x0, 0x0, 0x14, 0xff,
    0xb0, 0x5c, 0xff, 0x68, 0x0, 0x0, 0x0, 0x0,
    0x0, 0x14, 0xff, 0xb0, 0x5c, 0xff, 0x68, 0x0,
    0x0, 0x0, 0x0, 0x0, 0x14, 0xff, 0xb0, 0x59,
    0xff, 0x69, 0x0, 0x0, 0x0, 0x0, 0x0, 0x16,
    0xff, 0xad, 0x4a, 0xff, 0x77, 0x0, 0x0, 0x0,
    0x0, 0x0, 0x25, 0xff, 0x9e, 0x2b, 0xff, 0xa3,
    0x0, 0x0, 0x0, 0x0, 0x0, 0x56, 0xff, 0x80,
    0x0, 0xe3, 0xf7, 0x30, 0x0, 0x0, 0x0, 0xe,
    0xcd, 0xff, 0x3b, 0x0, 0x55, 0xfd, 0xf9, 0xba,
    0x9d, 0xac, 0xeb, 0xff, 0xaf, 0x0, 0x0, 0x0,
    0x42, 0xb1, 0xe6, 0xf9, 0xf0, 0xce, 0x78, 0x5,
    0x0,

    /* U+00DA "Ú" */
    0x0, 0x0, 0x0, 0x0, 0x0, 0x0, 0x0, 0x5a,
    0x4, 0x0, 0x0, 0x0, 0x0, 0x0, 0x0, 0x0,
    0x3, 0x97, 0xff, 0x6e, 0x0, 0x0, 0x0, 0x0,
    0x0, 0x0, 0xd, 0xb7, 0xf4, 0x73, 0x3, 0x0,
    0x0, 0x0, 0x0, 0x0, 0x0, 0x81, 0xb2, 0x1e,
    0x0, 0x0, 0x0, 0x0, 0x0, 0x0, 0x0, 0x0,
    0x3, 0x0, 0x0, 0x0, 0x0, 0x0, 0x0, 0x5c,
    0xff, 0x68, 0x0, 0x0, 0x0, 0x0, 0x0, 0x14,
    0xff, 0xb0, 0x5c, 0xff, 0x68, 0x0, 0x0, 0x0,
    0x0, 0x0, 0x14, 0xff, 0xb0, 0x5c, 0xff, 0x68,
    0x0, 0x0, 0x0, 0x0, 0x0, 0x14, 0xff, 0xb0,
    0x5c, 0xff, 0x68, 0x0, 0x0, 0x0, 0x0, 0x0,
    0x14, 0xff, 0xb0, 0x5c, 0xff, 0x68, 0x0, 0x0,
    0x0, 0x0, 0x0, 0x14, 0xff, 0xb0, 0x5c, 0xff,
    0x68, 0x0, 0x0, 0x0, 0x0, 0x0, 0x14, 0xff,
    0xb0, 0x5c, 0xff, 0x68, 0x0, 0x0, 0x0, 0x0,
    0x0, 0x14, 0xff, 0xb0, 0x5c, 0xff, 0x68, 0x0,
    0x0, 0x0, 0x0, 0x0, 0x14, 0xff, 0xb0, 0x59,
    0xff, 0x69, 0x0, 0x0, 0x0, 0x0, 0x0, 0x16,
    0xff, 0xad, 0x4a, 0xff, 0x77, 0x0, 0x0, 0x0,
    0x0, 0x0, 0x25, 0xff, 0x9e, 0x2b, 0xff, 0xa3,
    0x0, 0x0, 0x0, 0x0, 0x0, 0x56, 0xff, 0x80,
    0x0, 0xe3, 0xf7, 0x30, 0x0, 0x0, 0x0, 0xe,
    0xcd, 0xff, 0x3b, 0x0, 0x55, 0xfd, 0xf9, 0xba,
    0x9d, 0xac, 0xeb, 0xff, 0xaf, 0x0, 0x0, 0x0,
    0x42, 0xb1, 0xe6, 0xf9, 0xf0, 0xce, 0x78, 0x5,
    0x0,

    /* U+00DB "Û" */
    0x0, 0x0, 0x0, 0x0, 0x79, 0xff, 0xc1, 0xe,
    0x0, 0x0, 0x0, 0x0, 0x0, 0x0, 0x89, 0xf3,
    0x72, 0xcf, 0xce, 0x16, 0x0, 0x0, 0x0, 0x0,
    0x59, 0xcc, 0x25, 0x0, 0x7, 0x92, 0xb2, 0x0,
    0x0, 0x0, 0x0, 0x3, 0x6, 0x0, 0x0, 0x0,
    0x0, 0x9, 0x0, 0x0, 0x5c, 0xff, 0x68, 0x0,
    0x0, 0x0, 0x0, 0x0, 0x14, 0xff, 0xb0, 0x5c,
    0xff, 0x68, 0x0, 0x0, 0x0, 0x0, 0x0, 0x14,
    0xff, 0xb0, 0x5c, 0xff, 0x68, 0x0, 0x0, 0x0,
    0x0, 0x0, 0x14, 0xff, 0xb0, 0x5c, 0xff, 0x68,
    0x0, 0x0, 0x0, 0x0, 0x0, 0x14, 0xff, 0xb0,
    0x5c, 0xff, 0x68, 0x0, 0x0, 0x0, 0x0, 0x0,
    0x14, 0xff, 0xb0, 0x5c, 0xff, 0x68, 0x0, 0x0,
    0x0, 0x0, 0x0, 0x14, 0xff, 0xb0, 0x5c, 0xff,
    0x68, 0x0, 0x0, 0x0, 0x0, 0x0, 0x14, 0xff,
    0xb0, 0x5c, 0xff, 0x68, 0x0, 0x0, 0x0, 0x0,
    0x0, 0x14, 0xff, 0xb0, 0x59, 0xff, 0x69, 0x0,
    0x0, 0x0, 0x0, 0x0, 0x16, 0xff, 0xad, 0x4a,
    0xff, 0x77, 0x0, 0x0, 0x0, 0x0, 0x0, 0x25,
    0xff, 0x9e, 0x2b, 0xff, 0xa3, 0x0, 0x0, 0x0,
    0x0, 0x0, 0x56, 0xff, 0x80, 0x0, 0xe3, 0xf7,
    0x30, 0x0, 0x0, 0x0, 0xe, 0xcd, 0xff, 0x3b,
    0x0, 0x55, 0xfd, 0xf9, 0xba, 0x9d, 0xac, 0xeb,
    0xff, 0xaf, 0x0, 0x0, 0x0, 0x42, 0xb1, 0xe6,
    0xf9, 0xf0, 0xce, 0x78, 0x5, 0x0,

    /* U+00DC "Ü" */
    0x0, 0x0, 0x0, 0xce, 0x96, 0x0, 0x42, 0xfb,
    0x28, 0x0, 0x0, 0x0, 0x0, 0x0, 0xd3, 0x9b,
    0x0, 0x47, 0xff, 0x2b, 0x0, 0x0, 0x0, 0x0,
    0x0, 0x7, 0x4, 0x0, 0x0, 0xb, 0x0, 0x0,
    0x0, 0x0, 0x0, 0x0, 0x0, 0x0, 0x0, 0x0,
    0x0, 0x0, 0x0, 0x0, 0x5c, 0xff, 0x68, 0x0,
    0x0, 0x0, 0x0, 0x0, 0x14, 0xff, 0xb0, 0x5c,
    0xff, 0x68, 0x0, 0x0, 0x0, 0x0, 0x0, 0x14,
    0xff, 0xb0, 0x5c, 0xff, 0x68, 0x0, 0x0, 0x0,
    0x0, 0x0, 0x14, 0xff, 0xb0, 0x5c, 0xff, 0x68,
    0x0, 0x0, 0x0, 0x0, 0x0, 0x14, 0xff, 0xb0,
    0x5c, 0xff, 0x68, 0x0, 0x0, 0x0, 0x0, 0x0,
    0x14, 0xff, 0xb0, 0x5c, 0xff, 0x68, 0x0, 0x0,
    0x0, 0x0, 0x0, 0x14, 0xff, 0xb0, 0x5c, 0xff,
    0x68, 0x0, 0x0, 0x0, 0x0, 0x0, 0x14, 0xff,
    0xb0, 0x5c, 0xff, 0x68, 0x0, 0x0, 0x0, 0x0,
    0x0, 0x14, 0xff, 0xb0, 0x59, 0xff, 0x69, 0x0,
    0x0, 0x0, 0x0, 0x0, 0x16, 0xff, 0xad, 0x4a,
    0xff, 0x77, 0x0, 0x0, 0x0, 0x0, 0x0, 0x25,
    0xff, 0x9e, 0x2b, 0xff, 0xa3, 0x0, 0x0, 0x0,
    0x0, 0x0, 0x56, 0xff, 0x80, 0x0, 0xe3, 0xf7,
    0x30, 0x0, 0x0, 0x0, 0xe, 0xcd, 0xff, 0x3b,
    0x0, 0x55, 0xfd, 0xf9, 0xba, 0x9d, 0xac, 0xeb,
    0xff, 0xaf, 0x0, 0x0, 0x0, 0x42, 0xb1, 0xe6,
    0xf9, 0xf0, 0xce, 0x78, 0x5, 0x0,

    /* U+00DD "Ý" */
    0x0, 0x0, 0x0, 0x0, 0x0, 0x0, 0x0, 0x2b,
    0x0, 0x0, 0x0, 0x0, 0x0, 0x0, 0x0, 0x0,
    0x0, 0x0, 0x5d, 0xf9, 0x68, 0x0, 0x0, 0x0,
    0x0, 0x0, 0x0, 0x0, 0x0, 0x80, 0xff, 0xac,
    0x1a, 0x0, 0x0, 0x0, 0x0, 0x0, 0x0, 0x0,
    0x75, 0xe0, 0x4b, 0x0, 0x0, 0x0, 0x0, 0x0,
    0x0, 0x0, 0x0, 0x0, 0x12, 0xb, 0x0, 0x0,
    0x0, 0x0, 0x0, 0x0, 0x87, 0xff, 0x56, 0x0,
    0x0, 0x0, 0x0, 0x0, 0xb, 0xeb, 0xde, 0x4,
    0x12, 0xf2, 0xd2, 0x1, 0x0, 0x0, 0x0, 0x0,
    0x74, 0xff, 0x61, 0x0, 0x0, 0x82, 0xff, 0x52,
    0x0, 0x0, 0x0, 0x9, 0xe8, 0xdc, 0x4, 0x0,
    0x0, 0x10, 0xef, 0xcf, 0x0, 0x0, 0x0, 0x6f,
    0xff, 0x5e, 0x0, 0x0, 0x0, 0x0, 0x7e, 0xff,
    0x4e, 0x0, 0x7, 0xe4, 0xd9, 0x3, 0x0, 0x0,
    0x0, 0x0, 0xe, 0xed, 0xcb, 0x0, 0x69, 0xff,
    0x5b, 0x0, 0x0, 0x0, 0x0, 0x0, 0x0, 0x79,
    0xff, 0x3e, 0xd9, 0xd7, 0x2, 0x0, 0x0, 0x0,
    0x0, 0x0, 0x0, 0xb, 0xeb, 0xdb, 0xff, 0x58,
    0x0, 0x0, 0x0, 0x0, 0x0, 0x0, 0x0, 0x0,
    0xa8, 0xff, 0xff, 0x2, 0x0, 0x0, 0x0, 0x0,
    0x0, 0x0, 0x0, 0x0, 0x3b, 0xff, 0xab, 0x0,
    0x0, 0x0, 0x0, 0x0, 0x0, 0x0, 0x0, 0x0,
    0x34, 0xff, 0x90, 0x0, 0x0, 0x0, 0x0, 0x0,
    0x0, 0x0, 0x0, 0x0, 0x34, 0xff, 0x90, 0x0,
    0x0, 0x0, 0x0, 0x0, 0x0, 0x0, 0x0, 0x0,
    0x34, 0xff, 0x90, 0x0, 0x0, 0x0, 0x0, 0x0,
    0x0, 0x0, 0x0, 0x0, 0x34, 0xff, 0x90, 0x0,
    0x0, 0x0, 0x0, 0x0,

    /* U+00DE "Þ" */
    0x44, 0xff, 0x80, 0x0, 0x0, 0x0, 0x0, 0x0,
    0x0, 0x0, 0x44, 0xff, 0x80, 0x0, 0x0, 0x0,
    0x0, 0x0, 0x0, 0x0, 0x45, 0xff, 0xa3, 0x24,
    0x24, 0x21, 0x13, 0x0, 0x0, 0x0, 0x6e, 0xff,
    0xff, 0xff, 0xff, 0xff, 0xff, 0xe9, 0x86, 0x2,
    0x46, 0xff, 0xd4, 0x54, 0x54, 0x56, 0x6f, 0xd5,
    0xff, 0x6f, 0x44, 0xff, 0x80, 0x0, 0x0, 0x0,
    0x0, 0x1e, 0xfe, 0xc4, 0x44, 0xff, 0x80, 0x0,
    0x0, 0x0, 0x0, 0x0, 0xe6, 0xe1, 0x44, 0xff,
    0x80, 0x0, 0x0, 0x0, 0x0, 0x0, 0xe2, 0xe4,
    0x44, 0xff, 0x80, 0x0, 0x0, 0x0, 0x0, 0xd,
    0xfa, 0xcd, 0x44, 0xff, 0xa4, 0x24, 0x24, 0x26,
    0x3d, 0xb0, 0xff, 0x88, 0x4d, 0xff, 0xff, 0xff,
    0xff, 0xff, 0xff, 0xff, 0xbf, 0xe, 0x44, 0xff,
    0xb9, 0x4c, 0x54, 0x53, 0x47, 0x22, 0x0, 0x0,
    0x44, 0xff, 0x80, 0x0, 0x0, 0x0, 0x0, 0x0,
    0x0, 0x0, 0x44, 0xff, 0x80, 0x0, 0x0, 0x0,
    0x0, 0x0, 0x0, 0x0,

    /* U+00DF "ß" */
    0x0, 0x0, 0x0, 0x55, 0xbb, 0xe9, 0xfa, 0xf8,
    0xe6, 0xb8, 0x48, 0x0, 0x0, 0x0, 0x0, 0x45,
    0xff, 0xe6, 0x85, 0x69, 0x6a, 0x88, 0xe4, 0xfc,
    0x22, 0x0, 0x0, 0x0, 0x99, 0xff, 0x37, 0x0,
    0x0, 0x0, 0x0, 0x58, 0xff, 0x4e, 0x0, 0x0,
    0x0, 0xae, 0xff, 0x8, 0x0, 0x0, 0x0, 0x0,
    0x90, 0xfb, 0x23, 0x0, 0x70, 0xff, 0xff, 0xff,
    0x4, 0x0, 0x0, 0x30, 0xb9, 0xf5, 0x62, 0x0,
    0x0, 0x26, 0x58, 0xff, 0xff, 0x4, 0x0, 0x6a,
    0xfc, 0xa1, 0x1c, 0x0, 0x0, 0x0, 0x0, 0x0,
    0xb0, 0xff, 0x4, 0x0, 0xf2, 0xb9, 0x0, 0x0,
    0x0, 0x0, 0x0, 0x0, 0x0, 0xb0, 0xff, 0x4,
    0x0, 0xda, 0xe1, 0x30, 0x0, 0x0, 0x0, 0x0,
    0x0, 0x0, 0xb0, 0xff, 0x4, 0x0, 0x34, 0xda,
    0xff, 0xbd, 0x51, 0x2, 0x0, 0x0, 0x0, 0xb0,
    0xff, 0x4, 0x0, 0x0, 0x3, 0x50, 0xbc, 0xff,
    0xcc, 0x19, 0x0, 0x0, 0xb0, 0xff, 0x4, 0x0,
    0x0, 0x0, 0x0, 0x0, 0x44, 0xff, 0x9f, 0x0,
    0x0, 0xb0, 0xff, 0x4, 0x0, 0x0, 0x0, 0x0,
    0x0, 0x0, 0xf2, 0xbd, 0x0, 0x0, 0xb0, 0xff,
    0x4, 0x0, 0x66, 0x66, 0x64, 0x68, 0x9e, 0xff,
    0x93, 0x0, 0x0, 0xb0, 0xff, 0x4, 0x0, 0xd3,
    0xf7, 0xff, 0xfc, 0xe8, 0xa5, 0x13,

    /* U+00E0 "à" */
    0x0, 0x12, 0x62, 0x0, 0x0, 0x0, 0x0, 0x0,
    0x0, 0x0, 0x89, 0xff, 0x92, 0x3, 0x0, 0x0,
    0x0, 0x0, 0x0, 0x3, 0x6f, 0xf2, 0xb5, 0xd,
    0x0, 0x0, 0x0, 0x0, 0x0, 0x0, 0x1b, 0xad,
    0x5f, 0x0, 0x0, 0x0, 0x0, 0x0, 0x0, 0x0,
    0x0, 0x0, 0x0, 0x0, 0x0, 0x4e, 0xb3, 0xd2,
    0xec, 0xf9, 0xf8, 0xd4, 0x5d, 0x0, 0x4a, 0xa3,
    0x90, 0x88, 0x88, 0x9d, 0xf0, 0xfe, 0x2f, 0x0,
    0x0, 0x0, 0x0, 0x0, 0x0, 0x5b, 0xff, 0x70,
    0x0, 0x0, 0x8, 0x10, 0x10, 0x10, 0x48, 0xff,
    0x7f, 0x36, 0xd3, 0xfe, 0xff, 0xff, 0xff, 0xff,
    0xff, 0x80, 0xd2, 0xf9, 0x60, 0x40, 0x40, 0x40,
    0x78, 0xff, 0x80, 0xfa, 0xc9, 0x0, 0x0, 0x0,
    0x0, 0x38, 0xff, 0x80, 0xf5, 0xce, 0x0, 0x0,
    0x0, 0x6, 0xc7, 0xff, 0x80, 0xb9, 0xfe, 0x78,
    0x53, 0x81, 0xe4, 0xb7, 0xff, 0x80, 0x1a, 0xb2,
    0xf5, 0xeb, 0xb9, 0x51, 0x0, 0xe7, 0x80,

    /* U+00E1 "á" */
    0x0, 0x0, 0x0, 0x0, 0x0, 0x19, 0x91, 0x2,
    0x0, 0x0, 0x0, 0x0, 0x0, 0x2f, 0xe3, 0xf6,
    0x38, 0x0, 0x0, 0x0, 0x0, 0x4a, 0xf3, 0xb8,
    0x22, 0x0, 0x0, 0x0, 0x0, 0x0, 0x8c, 0x57,
    0x0, 0x0, 0x0, 0x0, 0x0, 0x0, 0x0, 0x0,
    0x0, 0x0, 0x0, 0x0, 0x0, 0x4e, 0xb3, 0xd2,
    0xec, 0xf9, 0xf8, 0xd4, 0x5d, 0x0, 0x4a, 0xa3,
    0x90, 0x88, 0x88, 0x9d, 0xf0, 0xfe, 0x2f, 0x0,
    0x0, 0x0, 0x0, 0x0, 0x0, 0x5b, 0xff, 0x70,
    0x0, 0x0, 0x8, 0x10, 0x10, 0x10, 0x48, 0xff,
    0x7f, 0x36, 0xd3, 0xfe, 0xff, 0xff, 0xff, 0xff,
    0xff, 0x80, 0xd2, 0xf9, 0x60, 0x40, 0x40, 0x40,
    0x78, 0xff, 0x80, 0xfa, 0xc9, 0x0, 0x0, 0x0,
    0x0, 0x38, 0xff, 0x80, 0xf5, 0xce, 0x0, 0x0,
    0x0, 0x6, 0xc7, 0xff, 0x80, 0xb9, 0xfe, 0x78,
    0x53, 0x81, 0xe4, 0xb7, 0xff, 0x80, 0x1a, 0xb2,
    0xf5, 0xeb, 0xb9, 0x51, 0x0, 0xe7, 0x80,

    /* U+00E2 "â" */
    0x0, 0x0, 0x8, 0xac, 0xff, 0x9f, 0x4, 0x0,
    0x0, 0x0, 0x11, 0xc3, 0xd3, 0x5b, 0xd8, 0xb9,
    0xd, 0x0, 0x0, 0x84, 0x89, 0x7, 0x0, 0x9,
    0x93, 0x78, 0x0, 0x0, 0x0, 0x0, 0x0, 0x0,
    0x0, 0x0, 0x0, 0x0, 0x4e, 0xb3, 0xd2, 0xec,
    0xf9, 0xf8, 0xd4, 0x5d, 0x0, 0x4a, 0xa3, 0x90,
    0x88, 0x88, 0x9d, 0xf0, 0xfe, 0x2f, 0x0, 0x0,
    0x0, 0x0, 0x0, 0x0, 0x5b, 0xff, 0x70, 0x0,
    0x0, 0x8, 0x10, 0x10, 0x10, 0x48, 0xff, 0x7f,
    0x36, 0xd3, 0xfe, 0xff, 0xff, 0xff, 0xff, 0xff,
    0x80, 0xd2, 0xf9, 0x60, 0x40, 0x40, 0x40, 0x78,
    0xff, 0x80, 0xfa, 0xc9, 0x0, 0x0, 0x0, 0x0,
    0x38, 0xff, 0x80, 0xf5, 0xce, 0x0, 0x0, 0x0,
    0x6, 0xc7, 0xff, 0x80, 0xb9, 0xfe, 0x78, 0x53,
    0x81, 0xe4, 0xb7, 0xff, 0x80, 0x1a, 0xb2, 0xf5,
    0xeb, 0xb9, 0x51, 0x0, 0xe7, 0x80,

    /* U+00E3 "ã" */
    0x0, 0x0, 0xd, 0x2, 0x0, 0x0, 0x0, 0x0,
    0x0, 0x0, 0x53, 0xfb, 0xee, 0x7e, 0x15, 0x42,
    0xa1, 0x0, 0x0, 0xac, 0x5f, 0x48, 0xbc, 0xff,
    0xfd, 0x66, 0x0, 0x0, 0x29, 0x8, 0x0, 0x0,
    0x22, 0x37, 0x0, 0x0, 0x0, 0x0, 0x0, 0x0,
    0x0, 0x0, 0x0, 0x0, 0x0, 0x4e, 0xb3, 0xd2,
    0xec, 0xf9, 0xf8, 0xd4, 0x5d, 0x0, 0x4a, 0xa3,
    0x90, 0x88, 0x88, 0x9d, 0xf0, 0xfe, 0x2f, 0x0,
    0x0, 0x0, 0x0, 0x0, 0x0, 0x5b, 0xff, 0x70,
    0x0, 0x0, 0x8, 0x10, 0x10, 0x10, 0x48, 0xff,
    0x7f, 0x36, 0xd3, 0xfe, 0xff, 0xff, 0xff, 0xff,
    0xff, 0x80, 0xd2, 0xf9, 0x60, 0x40, 0x40, 0x40,
    0x78, 0xff, 0x80, 0xfa, 0xc9, 0x0, 0x0, 0x0,
    0x0, 0x38, 0xff, 0x80, 0xf5, 0xce, 0x0, 0x0,
    0x0, 0x6, 0xc7, 0xff, 0x80, 0xb9, 0xfe, 0x78,
    0x53, 0x81, 0xe4, 0xb7, 0xff, 0x80, 0x1a, 0xb2,
    0xf5, 0xeb, 0xb9, 0x51, 0x0, 0xe7, 0x80,

    /* U+00E4 "ä" */
    0x0, 0x9, 0xf7, 0x61, 0x0, 0x75, 0xf0, 0x0,
    0x0, 0x0, 0xb, 0xfc, 0x68, 0x0, 0x7b, 0xf7,
    0x0, 0x0, 0x0, 0x0, 0xb, 0x1, 0x0, 0x2,
    0x9, 0x0, 0x0, 0x0, 0x0, 0x0, 0x0, 0x0,
    0x0, 0x0, 0x0, 0x0, 0x4e, 0xb3, 0xd2, 0xec,
    0xf9, 0xf8, 0xd4, 0x5d, 0x0, 0x4a, 0xa3, 0x90,
    0x88, 0x88, 0x9d, 0xf0, 0xfe, 0x2f, 0x0, 0x0,
    0x0, 0x0, 0x0, 0x0, 0x5b, 0xff, 0x70, 0x0,
    0x0, 0x8, 0x10, 0x10, 0x10, 0x48, 0xff, 0x7f,
    0x36, 0xd3, 0xfe, 0xff, 0xff, 0xff, 0xff, 0xff,
    0x80, 0xd2, 0xf9, 0x60, 0x40, 0x40, 0x40, 0x78,
    0xff, 0x80, 0xfa, 0xc9, 0x0, 0x0, 0x0, 0x0,
    0x38, 0xff, 0x80, 0xf5, 0xce, 0x0, 0x0, 0x0,
    0x6, 0xc7, 0xff, 0x80, 0xb9, 0xfe, 0x78, 0x53,
    0x81, 0xe4, 0xb7, 0xff, 0x80, 0x1a, 0xb2, 0xf5,
    0xeb, 0xb9, 0x51, 0x0, 0xe7, 0x80,

    /* U+00E5 "å" */
    0x0, 0x0, 0xe, 0xaa, 0xe1, 0xa3, 0xa, 0x0,
    0x0, 0x0, 0x0, 0x8d, 0x83, 0x0, 0x87, 0x83,
    0x0, 0x0, 0x0, 0x0, 0x8e, 0x81, 0x0, 0x86,
    0x84, 0x0, 0x0, 0x0, 0x0, 0x10, 0xa8, 0xda,
    0xa3, 0xc, 0x0, 0x0, 0x0, 0x0, 0x0, 0x0,
    0x0, 0x0, 0x0, 0x0, 0x0, 0x4e, 0xb3, 0xd2,
    0xec, 0xf9, 0xf8, 0xd4, 0x5d, 0x0, 0x4a, 0xa3,
    0x90, 0x88, 0x88, 0x9d, 0xf0, 0xfe, 0x2f, 0x0,
    0x0, 0x0, 0x0, 0x0, 0x0, 0x5b, 0xff, 0x70,
    0x0, 0x0, 0x8, 0x10, 0x10, 0x10, 0x48, 0xff,
    0x7f, 0x36, 0xd3, 0xfe, 0xff, 0xff, 0xff, 0xff,
    0xff, 0x80, 0xd2, 0xf9, 0x60, 0x40, 0x40, 0x40,
    0x78, 0xff, 0x80, 0xfa, 0xc9, 0x0, 0x0, 0x0,
    0x0, 0x38, 0xff, 0x80, 0xf5, 0xce, 0x0, 0x0,
    0x0, 0x6, 0xc7, 0xff, 0x80, 0xb9, 0xfe, 0x78,
    0x53, 0x81, 0xe4, 0xb7, 0xff, 0x80, 0x1a, 0xb2,
    0xf5, 0xeb, 0xb9, 0x51, 0x0, 0xe7, 0x80,

    /* U+00E6 "æ" */
    0x4e, 0xb3, 0xd2, 0xec, 0xf9, 0xf8, 0xd4, 0x5b,
    0x5f, 0xc7, 0xf0, 0xfb, 0xe9, 0xb3, 0x33, 0x0,
    0x4a, 0x9c, 0x7f, 0x74, 0x74, 0x89, 0xe9, 0xff,
    0xff, 0xdb, 0x88, 0x79, 0x95, 0xef, 0xef, 0x1b,
    0x0, 0x0, 0x0, 0x0, 0x0, 0x0, 0x58, 0xff,
    0xff, 0xe, 0x0, 0x0, 0x0, 0x5f, 0xff, 0x5d,
    0x0, 0x0, 0x8, 0x10, 0x10, 0x10, 0x65, 0xff,
    0xff, 0x10, 0x10, 0x10, 0x14, 0x8f, 0xff, 0x59,
    0x36, 0xd3, 0xfe, 0xff, 0xff, 0xff, 0xff, 0xff,
    0xff, 0xff, 0xff, 0xff, 0xff, 0xff, 0xd1, 0xd,
    0xd2, 0xf8, 0x5e, 0x40, 0x40, 0x40, 0x7d, 0xff,
    0xf4, 0x40, 0x40, 0x40, 0x3f, 0x2f, 0x2, 0x0,
    0xfa, 0xc8, 0x0, 0x0, 0x0, 0x0, 0x2d, 0xff,
    0xb0, 0x0, 0x0, 0x0, 0x0, 0x0, 0x0, 0x0,
    0xf5, 0xd4, 0x0, 0x0, 0x0, 0x2b, 0xd5, 0xff,
    0xf2, 0x19, 0x0, 0x0, 0x0, 0x0, 0x0, 0x0,
    0xb9, 0xff, 0x9e, 0x7d, 0xb1, 0xfb, 0x83, 0x60,
    0xff, 0xe4, 0x8d, 0x74, 0x79, 0x89, 0xa6, 0x11,
    0x1a, 0xb2, 0xf5, 0xe9, 0xb2, 0x3c, 0x0, 0x0,
    0x50, 0xbd, 0xed, 0xfc, 0xf4, 0xd8, 0xa7, 0x16,

    /* U+00E7 "ç" */
    0x0, 0x2d, 0xa9, 0xe5, 0xfa, 0xf5, 0xd8, 0x86,
    0x0, 0x24, 0xf5, 0xfe, 0xb3, 0x86, 0x7c, 0x80,
    0x61, 0x0, 0x95, 0xff, 0x6b, 0x0, 0x0, 0x0,
    0x0, 0x0, 0x0, 0xce, 0xfb, 0xa, 0x0, 0x0,
    0x0, 0x0, 0x0, 0x0, 0xe3, 0xe7, 0x0, 0x0,
    0x0, 0x0, 0x0, 0x0, 0x0, 0xe4, 0xe7, 0x0,
    0x0, 0x0, 0x0, 0x0, 0x0, 0x0, 0xce, 0xfb,
    0x9, 0x0, 0x0, 0x0, 0x0, 0x0, 0x0, 0x95,
    0xff, 0x65, 0x0, 0x0, 0x0, 0x0, 0x0, 0x0,
    0x25, 0xf5, 0xfc, 0xa9, 0x7c, 0x74, 0x7c, 0x86,
    0x0, 0x0, 0x2e, 0xab, 0xe6, 0xfa, 0xf3, 0xdb,
    0xa0, 0x1, 0x0, 0x0, 0x0, 0x11, 0x3a, 0x7,
    0x0, 0x0, 0x0, 0x0, 0x0, 0x0, 0x40, 0xce,
    0xc7, 0x0, 0x0, 0x0, 0x0, 0x0, 0x0, 0x0,
    0x6a, 0xd7, 0x0, 0x0, 0x0, 0x0, 0x0, 0x1e,
    0x9b, 0xf2, 0x58, 0x0, 0x0, 0x0, 0x0, 0x0,
    0x23, 0x60, 0x23, 0x0, 0x0, 0x0, 0x0,

    /* U+00E8 "è" */
    0x0, 0x6, 0x6b, 0x1, 0x0, 0x0, 0x0, 0x0,
    0x0, 0x0, 0x66, 0xff, 0xac, 0xa, 0x0, 0x0,
    0x0, 0x0, 0x0, 0x0, 0x58, 0xe7, 0xcb, 0x19,
    0x0, 0x0, 0x0, 0x0, 0x0, 0x0, 0xf, 0x97,
    0x81, 0x0, 0x0, 0x0, 0x0, 0x0, 0x0, 0x0,
    0x0, 0x0, 0x0, 0x0, 0x0, 0x0, 0x31, 0xaf,
    0xe8, 0xfb, 0xf2, 0xca, 0x64, 0x0, 0x26, 0xf7,
    0xf3, 0x99, 0x79, 0x85, 0xd4, 0xff, 0x5a, 0x96,
    0xff, 0x48, 0x0, 0x0, 0x0, 0x10, 0xfd, 0xa9,
    0xd3, 0xff, 0x12, 0x10, 0x10, 0x10, 0x41, 0xff,
    0xa6, 0xff, 0xff, 0xff, 0xff, 0xff, 0xff, 0xff,
    0xf3, 0x3c, 0xf4, 0xff, 0x40, 0x40, 0x40, 0x40,
    0x39, 0x11, 0x0, 0xcc, 0xfa, 0x8, 0x0, 0x0,
    0x0, 0x0, 0x0, 0x0, 0x90, 0xff, 0x5f, 0x0,
    0x0, 0x0, 0x0, 0x0, 0x0, 0x1f, 0xf1, 0xfa,
    0xa2, 0x78, 0x76, 0x83, 0x9d, 0x46, 0x0, 0x27,
    0xa6, 0xe4, 0xfa, 0xf9, 0xe3, 0xba, 0x42,

    /* U+00E9 "é" */
    0x0, 0x0, 0x0, 0x0, 0x0, 0xd, 0x94, 0xc,
    0x0, 0x0, 0x0, 0x0, 0x0, 0x1d, 0xd1, 0xfc,
    0x56, 0x0, 0x0, 0x0, 0x0, 0x33, 0xe6, 0xcb,
    0x32, 0x0, 0x0, 0x0, 0x0, 0x0, 0x73, 0x6e,
    0x2, 0x0, 0x0, 0x0, 0x0, 0x0, 0x0, 0x0,
    0x0, 0x0, 0x0, 0x0, 0x0, 0x0, 0x31, 0xaf,
    0xe8, 0xfb, 0xf2, 0xca, 0x64, 0x0, 0x26, 0xf7,
    0xf3, 0x99, 0x79, 0x85, 0xd4, 0xff, 0x5a, 0x96,
    0xff, 0x48, 0x0, 0x0, 0x0, 0x10, 0xfd, 0xa9,
    0xd3, 0xff, 0x12, 0x10, 0x10, 0x10, 0x41, 0xff,
    0xa6, 0xff, 0xff, 0xff, 0xff, 0xff, 0xff, 0xff,
    0xf3, 0x3c, 0xf4, 0xff, 0x40, 0x40, 0x40, 0x40,
    0x39, 0x11, 0x0, 0xcc, 0xfa, 0x8, 0x0, 0x0,
    0x0, 0x0, 0x0, 0x0, 0x90, 0xff, 0x5f, 0x0,
    0x0, 0x0, 0x0, 0x0, 0x0, 0x1f, 0xf1, 0xfa,
    0xa2, 0x78, 0x76, 0x83, 0x9d, 0x46, 0x0, 0x27,
    0xa6, 0xe4, 0xfa, 0xf9, 0xe3, 0xba, 0x42,

    /* U+00EA "ê" */
    0x0, 0x0, 0x1, 0x8d, 0xff, 0xba, 0xd, 0x0,
    0x0, 0x0, 0x7, 0xa9, 0xe3, 0x5e, 0xc6, 0xd0,
    0x1a, 0x0, 0x0, 0x63, 0xa2, 0xf, 0x0, 0x3,
    0x7a, 0x98, 0x0, 0x0, 0x0, 0x0, 0x0, 0x0,
    0x0, 0x0, 0x0, 0x0, 0x0, 0x31, 0xaf, 0xe8,
    0xfb, 0xf2, 0xca, 0x64, 0x0, 0x26, 0xf7, 0xf3,
    0x99, 0x79, 0x85, 0xd4, 0xff, 0x5a, 0x96, 0xff,
    0x48, 0x0, 0x0, 0x0, 0x10, 0xfd, 0xa9, 0xd3,
    0xff, 0x12, 0x10, 0x10, 0x10, 0x41, 0xff, 0xa6,
    0xff, 0xff, 0xff, 0xff, 0xff, 0xff, 0xff, 0xf3,
    0x3c, 0xf4, 0xff, 0x40, 0x40, 0x40, 0x40, 0x39,
    0x11, 0x0, 0xcc, 0xfa, 0x8, 0x0, 0x0, 0x0,
    0x0, 0x0, 0x0, 0x90, 0xff, 0x5f, 0x0, 0x0,
    0x0, 0x0, 0x0, 0x0, 0x1f, 0xf1, 0xfa, 0xa2,
    0x78, 0x76, 0x83, 0x9d, 0x46, 0x0, 0x27, 0xa6,
    0xe4, 0xfa, 0xf9, 0xe3, 0xba, 0x42,

    /* U+00EB "ë" */
    0x0, 0x0, 0xdd, 0x85, 0x0, 0x51, 0xfa, 0x1a,
    0x0, 0x0, 0x0, 0xe3, 0x8c, 0x0, 0x57, 0xff,
    0x1c, 0x0, 0x0, 0x0, 0x8, 0x3, 0x0, 0x0,
    0xb, 0x0, 0x0, 0x0, 0x0, 0x0, 0x0, 0x0,
    0x0, 0x0, 0x0, 0x0, 0x0, 0x31, 0xaf, 0xe8,
    0xfb, 0xf2, 0xca, 0x64, 0x0, 0x26, 0xf7, 0xf3,
    0x99, 0x79, 0x85, 0xd4, 0xff, 0x5a, 0x96, 0xff,
    0x48, 0x0, 0x0, 0x0, 0x10, 0xfd, 0xa9, 0xd3,
    0xff, 0x12, 0x10, 0x10, 0x10, 0x41, 0xff, 0xa6,
    0xff, 0xff, 0xff, 0xff, 0xff, 0xff, 0xff, 0xf3,
    0x3c, 0xf4, 0xff, 0x40, 0x40, 0x40, 0x40, 0x39,
    0x11, 0x0, 0xcc, 0xfa, 0x8, 0x0, 0x0, 0x0,
    0x0, 0x0, 0x0, 0x90, 0xff, 0x5f, 0x0, 0x0,
    0x0, 0x0, 0x0, 0x0, 0x1f, 0xf1, 0xfa, 0xa2,
    0x78, 0x76, 0x83, 0x9d, 0x46, 0x0, 0x27, 0xa6,
    0xe4, 0xfa, 0xf9, 0xe3, 0xba, 0x42,

    /* U+00EC "ì" */
    0x2a, 0xa3, 0xa, 0x0, 0x0, 0x6e, 0xfc, 0xcb,
    0x18, 0x0, 0x0, 0x30, 0xc9, 0xe2, 0x2f, 0x0,
    0x0, 0x2, 0x6b, 0x43, 0x0, 0x0, 0x0, 0x0,
    0x0, 0x0, 0x0, 0x5c, 0xff, 0x58, 0x0, 0x0,
    0x5c, 0xff, 0x58, 0x0, 0x0, 0x5c, 0xff, 0x58,
    0x0, 0x0, 0x5c, 0xff, 0x58, 0x0, 0x0, 0x5c,
    0xff, 0x58, 0x0, 0x0, 0x5c, 0xff, 0x58, 0x0,
    0x0, 0x5c, 0xff, 0x58, 0x0, 0x0, 0x5c, 0xff,
    0x58, 0x0, 0x0, 0x5c, 0xff, 0x58, 0x0, 0x0,
    0x5c, 0xff, 0x58,

    /* U+00ED "í" */
    0x0, 0x0, 0x0, 0x2, 0x0, 0x0, 0x0, 0x3f,
    0xd0, 0x12, 0x0, 0x5f, 0xf9, 0xd5, 0x2c, 0x7f,
    0xf6, 0x7b, 0x5, 0x0, 0x52, 0x22, 0x0, 0x0,
    0x0, 0x0, 0x0, 0x0, 0x0, 0x0, 0x5c, 0xff,
    0x58, 0x0, 0x0, 0x5c, 0xff, 0x58, 0x0, 0x0,
    0x5c, 0xff, 0x58, 0x0, 0x0, 0x5c, 0xff, 0x58,
    0x0, 0x0, 0x5c, 0xff, 0x58, 0x0, 0x0, 0x5c,
    0xff, 0x58, 0x0, 0x0, 0x5c, 0xff, 0x58, 0x0,
    0x0, 0x5c, 0xff, 0x58, 0x0, 0x0, 0x5c, 0xff,
    0x58, 0x0, 0x0, 0x5c, 0xff, 0x58, 0x0, 0x0,

    /* U+00EE "î" */
    0x0, 0xa, 0xad, 0xff, 0xa8, 0x9, 0x0, 0x1b,
    0xcd, 0xc2, 0x49, 0xc4, 0xcb, 0x1a, 0x6e, 0x6a,
    0x1, 0x0, 0x2, 0x6e, 0x6d, 0x0, 0x0, 0x0,
    0x0, 0x0, 0x0, 0x0, 0x0, 0x0, 0x5c, 0xff,
    0x58, 0x0, 0x0, 0x0, 0x0, 0x5c, 0xff, 0x58,
    0x0, 0x0, 0x0, 0x0, 0x5c, 0xff, 0x58, 0x0,
    0x0, 0x0, 0x0, 0x5c, 0xff, 0x58, 0x0, 0x0,
    0x0, 0x0, 0x5c, 0xff, 0x58, 0x0, 0x0, 0x0,
    0x0, 0x5c, 0xff, 0x58, 0x0, 0x0, 0x0, 0x0,
    0x5c, 0xff, 0x58, 0x0, 0x0, 0x0, 0x0, 0x5c,
    0xff, 0x58, 0x0, 0x0, 0x0, 0x0, 0x5c, 0xff,
    0x58, 0x0, 0x0, 0x0, 0x0, 0x5c, 0xff, 0x58,
    0x0, 0x0,

    /* U+00EF "ï" */
    0x7, 0xf6, 0x65, 0x0, 0x71, 0xf3, 0x2, 0x7,
    0xfc, 0x6c, 0x0, 0x77, 0xf9, 0x2, 0x0, 0xa,
    0x1, 0x0, 0x1, 0xa, 0x0, 0x0, 0x0, 0x0,
    0x0, 0x0, 0x0, 0x0, 0x0, 0x0, 0x5c, 0xff,
    0x58, 0x0, 0x0, 0x0, 0x0, 0x5c, 0xff, 0x58,
    0x0, 0x0, 0x0, 0x0, 0x5c, 0xff, 0x58, 0x0,
    0x0, 0x0, 0x0, 0x5c, 0xff, 0x58, 0x0, 0x0,
    0x0, 0x0, 0x5c, 0xff, 0x58, 0x0, 0x0, 0x0,
    0x0, 0x5c, 0xff, 0x58, 0x0, 0x0, 0x0, 0x0,
    0x5c, 0xff, 0x58, 0x0, 0x0, 0x0, 0x0, 0x5c,
    0xff, 0x58, 0x0, 0x0, 0x0, 0x0, 0x5c, 0xff,
    0x58, 0x0, 0x0, 0x0, 0x0, 0x5c, 0xff, 0x58,
    0x0, 0x0,

    /* U+00F0 "ð" */
    0x0, 0x0, 0x0, 0x0, 0x0, 0x0, 0x0, 0x11,
    0x0, 0x0, 0x7f, 0xe7, 0xcb, 0x8b, 0x32, 0xae,
    0x99, 0x0, 0x0, 0x28, 0x55, 0x8c, 0xff, 0xff,
    0xf4, 0x4, 0x0, 0x0, 0x0, 0x0, 0x63, 0xee,
    0xef, 0xff, 0x58, 0x0, 0x0, 0x0, 0x0, 0x40,
    0x1d, 0x5, 0xd6, 0xea, 0xa, 0x0, 0x0, 0x0,
    0xa, 0x13, 0x1, 0x67, 0xff, 0x5c, 0x0, 0x52,
    0xd6, 0xff, 0xff, 0xed, 0xb5, 0xff, 0x9f, 0x3a,
    0xfe, 0xe8, 0x72, 0x53, 0x68, 0x9d, 0xff, 0xcc,
    0xa6, 0xff, 0x40, 0x0, 0x0, 0x0, 0x0, 0xe4,
    0xdd, 0xd6, 0xf7, 0x2, 0x0, 0x0, 0x0, 0x0,
    0xe0, 0xe0, 0xe3, 0xeb, 0x0, 0x0, 0x0, 0x0,
    0x0, 0xec, 0xcd, 0xd3, 0xfa, 0x5, 0x0, 0x0,
    0x0, 0x10, 0xff, 0xb4, 0x9a, 0xff, 0x57, 0x0,
    0x0, 0x0, 0x6b, 0xff, 0x75, 0x28, 0xf5, 0xfb,
    0xa1, 0x7c, 0x9f, 0xfa, 0xe1, 0x10, 0x0, 0x30,
    0xae, 0xeb, 0xfb, 0xe8, 0xa2, 0x1d, 0x0,

    /* U+00F1 "ñ" */
    0x0, 0x0, 0x1, 0xe, 0x0, 0x0, 0x0, 0x0,
    0x0, 0x0, 0x0, 0x0, 0xbb, 0xff, 0xc8, 0x49,
    0x4, 0xae, 0x35, 0x0, 0x0, 0x17, 0xda, 0x2d,
    0x71, 0xea, 0xfc, 0xec, 0xd, 0x0, 0x0, 0x5,
    0x2a, 0x0, 0x0, 0x5, 0x3a, 0x1a, 0x0, 0x0,
    0x0, 0x0, 0x0, 0x0, 0x0, 0x0, 0x0, 0x0,
    0x0, 0x0, 0x70, 0xff, 0x8, 0x21, 0x93, 0xdf,
    0xf7, 0xd1, 0x3f, 0x0, 0x70, 0xff, 0x92, 0xf9,
    0xcb, 0x84, 0x8d, 0xf9, 0xe4, 0x0, 0x70, 0xff,
    0xff, 0x45, 0x0, 0x0, 0x0, 0xab, 0xff, 0x17,
    0x70, 0xff, 0x45, 0x0, 0x0, 0x0, 0x0, 0x94,
    0xff, 0x20, 0x70, 0xff, 0x44, 0x0, 0x0, 0x0,
    0x0, 0x94, 0xff, 0x20, 0x70, 0xff, 0x44, 0x0,
    0x0, 0x0, 0x0, 0x94, 0xff, 0x20, 0x70, 0xff,
    0x44, 0x0, 0x0, 0x0, 0x0, 0x94, 0xff, 0x20,
    0x70, 0xff, 0x44, 0x0, 0x0, 0x0, 0x0, 0x94,
    0xff, 0x20, 0x70, 0xff, 0x44, 0x0, 0x0, 0x0,
    0x0, 0x94, 0xff, 0x20, 0x70, 0xff, 0x44, 0x0,
    0x0, 0x0, 0x0, 0x94, 0xff, 0x20,

    /* U+00F2 "ò" */
    0x0, 0x0, 0x58, 0x1, 0x0, 0x0, 0x0, 0x0,
    0x0, 0x0, 0x0, 0x4e, 0xff, 0xad, 0xa, 0x0,
    0x0, 0x0, 0x0, 0x0, 0x0, 0x0, 0x5f, 0xeb,
    0xca, 0x18, 0x0, 0x0, 0x0, 0x0, 0x0, 0x0,
    0x0, 0x13, 0x9f, 0x9f, 0x0, 0x0, 0x0, 0x0,
    0x0, 0x0, 0x0, 0x0, 0x0, 0x3, 0x0, 0x0,
    0x0, 0x0, 0x0, 0x2d, 0xab, 0xe6, 0xf9, 0xee,
    0xc7, 0x62, 0x0, 0x0, 0x21, 0xf5, 0xf8, 0x9d,
    0x7a, 0x89, 0xdc, 0xff, 0x73, 0x0, 0x90, 0xff,
    0x58, 0x0, 0x0, 0x0, 0xe, 0xe9, 0xea, 0x1,
    0xca, 0xfa, 0x7, 0x0, 0x0, 0x0, 0x0, 0xa1,
    0xff, 0x25, 0xdf, 0xe6, 0x0, 0x0, 0x0, 0x0,
    0x0, 0x87, 0xff, 0x3b, 0xe0, 0xe6, 0x0, 0x0,
    0x0, 0x0, 0x0, 0x87, 0xff, 0x3a, 0xca, 0xfa,
    0x7, 0x0, 0x0, 0x0, 0x0, 0xa1, 0xff, 0x25,
    0x90, 0xff, 0x58, 0x0, 0x0, 0x0, 0xe, 0xe9,
    0xea, 0x1, 0x22, 0xf5, 0xf8, 0x9d, 0x79, 0x89,
    0xdc, 0xff, 0x73, 0x0, 0x0, 0x2e, 0xab, 0xe6,
    0xfa, 0xef, 0xc7, 0x62, 0x0, 0x0,

    /* U+00F3 "ó" */
    0x0, 0x0, 0x0, 0x0, 0x0, 0x2, 0x7c, 0xf,
    0x0, 0x0, 0x0, 0x0, 0x0, 0x0, 0xb, 0xb1,
    0xff, 0x72, 0x0, 0x0, 0x0, 0x0, 0x0, 0x19,
    0xcd, 0xe5, 0x54, 0x0, 0x0, 0x0, 0x0, 0x0,
    0x0, 0x6e, 0x94, 0xe, 0x0, 0x0, 0x0, 0x0,
    0x0, 0x0, 0x0, 0x0, 0x0, 0x0, 0x0, 0x0,
    0x0, 0x0, 0x0, 0x2d, 0xab, 0xe6, 0xf9, 0xee,
    0xc7, 0x62, 0x0, 0x0, 0x21, 0xf5, 0xf8, 0x9d,
    0x7a, 0x89, 0xdc, 0xff, 0x73, 0x0, 0x90, 0xff,
    0x58, 0x0, 0x0, 0x0, 0xe, 0xe9, 0xea, 0x1,
    0xca, 0xfa, 0x7, 0x0, 0x0, 0x0, 0x0, 0xa1,
    0xff, 0x25, 0xdf, 0xe6, 0x0, 0x0, 0x0, 0x0,
    0x0, 0x87, 0xff, 0x3b, 0xe0, 0xe6, 0x0, 0x0,
    0x0, 0x0, 0x0, 0x87, 0xff, 0x3a, 0xca, 0xfa,
    0x7, 0x0, 0x0, 0x0, 0x0, 0xa1, 0xff, 0x25,
    0x90, 0xff, 0x58, 0x0, 0x0, 0x0, 0xe, 0xe9,
    0xea, 0x1, 0x22, 0xf5, 0xf8, 0x9d, 0x79, 0x89,
    0xdc, 0xff, 0x73, 0x0, 0x0, 0x2e, 0xab, 0xe6,
    0xfa, 0xef, 0xc7, 0x62, 0x0, 0x0,

    /* U+00F4 "ô" */
    0x0, 0x0, 0x0, 0x76, 0xff, 0xc9, 0x15, 0x0,
    0x0, 0x0, 0x0, 0x1, 0x8e, 0xf0, 0x6c, 0xc0,
    0xda, 0x22, 0x0, 0x0, 0x0, 0x4d, 0xc0, 0x1f,
    0x0, 0x2, 0x77, 0xb5, 0x0, 0x0, 0x0, 0x0,
    0x1, 0x0, 0x0, 0x0, 0x0, 0x1, 0x0, 0x0,
    0x0, 0x2d, 0xab, 0xe6, 0xf9, 0xee, 0xc7, 0x62,
    0x0, 0x0, 0x21, 0xf5, 0xf8, 0x9d, 0x7a, 0x89,
    0xdc, 0xff, 0x73, 0x0, 0x90, 0xff, 0x58, 0x0,
    0x0, 0x0, 0xe, 0xe9, 0xea, 0x1, 0xca, 0xfa,
    0x7, 0x0, 0x0, 0x0, 0x0, 0xa1, 0xff, 0x25,
    0xdf, 0xe6, 0x0, 0x0, 0x0, 0x0, 0x0, 0x87,
    0xff, 0x3b, 0xe0, 0xe6, 0x0, 0x0, 0x0, 0x0,
    0x0, 0x87, 0xff, 0x3a, 0xca, 0xfa, 0x7, 0x0,
    0x0, 0x0, 0x0, 0xa1, 0xff, 0x25, 0x90, 0xff,
    0x58, 0x0, 0x0, 0x0, 0xe, 0xe9, 0xea, 0x1,
    0x22, 0xf5, 0xf8, 0x9d, 0x79, 0x89, 0xdc, 0xff,
    0x73, 0x0, 0x0, 0x2e, 0xab, 0xe6, 0xfa, 0xef,
    0xc7, 0x62, 0x0, 0x0,

    /* U+00F5 "õ" */
    0x0, 0x0, 0x7, 0x7, 0x0, 0x0, 0x0, 0x0,
    0x0, 0x0, 0x0, 0x22, 0xed, 0xf7, 0x99, 0x21,
    0xb, 0xd6, 0x0, 0x0, 0x0, 0x6b, 0x97, 0x3e,
    0xa4, 0xfe, 0xf6, 0xa6, 0x0, 0x0, 0x0, 0x1f,
    0x1a, 0x0, 0x0, 0x1e, 0x4b, 0x9, 0x0, 0x0,
    0x0, 0x0, 0x0, 0x0, 0x0, 0x0, 0x0, 0x0,
    0x0, 0x0, 0x0, 0x2d, 0xab, 0xe6, 0xf9, 0xee,
    0xc7, 0x62, 0x0, 0x0, 0x21, 0xf5, 0xf8, 0x9d,
    0x7a, 0x89, 0xdc, 0xff, 0x73, 0x0, 0x90, 0xff,
    0x58, 0x0, 0x0, 0x0, 0xe, 0xe9, 0xea, 0x1,
    0xca, 0xfa, 0x7, 0x0, 0x0, 0x0, 0x0, 0xa1,
    0xff, 0x25, 0xdf, 0xe6, 0x0, 0x0, 0x0, 0x0,
    0x0, 0x87, 0xff, 0x3b, 0xe0, 0xe6, 0x0, 0x0,
    0x0, 0x0, 0x0, 0x87, 0xff, 0x3a, 0xca, 0xfa,
    0x7, 0x0, 0x0, 0x0, 0x0, 0xa1, 0xff, 0x25,
    0x90, 0xff, 0x58, 0x0, 0x0, 0x0, 0xe, 0xe9,
    0xea, 0x1, 0x22, 0xf5, 0xf8, 0x9d, 0x79, 0x89,
    0xdc, 0xff, 0x73, 0x0, 0x0, 0x2e, 0xab, 0xe6,
    0xfa, 0xef, 0xc7, 0x62, 0x0, 0x0,

    /* U+00F6 "ö" */
    0x0, 0x0, 0xc2, 0xa1, 0x0, 0x3b, 0xfb, 0x30,
    0x0, 0x0, 0x0, 0x0, 0xc7, 0xa7, 0x0, 0x3f,
    0xff, 0x33, 0x0, 0x0, 0x0, 0x0, 0x7, 0x4,
    0x0, 0x0, 0xb, 0x0, 0x0, 0x0, 0x0, 0x0,
    0x0, 0x0, 0x0, 0x0, 0x0, 0x0, 0x0, 0x0,
    0x0, 0x2d, 0xab, 0xe6, 0xf9, 0xee, 0xc7, 0x62,
    0x0, 0x0, 0x21, 0xf5, 0xf8, 0x9d, 0x7a, 0x89,
    0xdc, 0xff, 0x73, 0x0, 0x90, 0xff, 0x58, 0x0,
    0x0, 0x0, 0xe, 0xe9, 0xea, 0x1, 0xca, 0xfa,
    0x7, 0x0, 0x0, 0x0, 0x0, 0xa1, 0xff, 0x25,
    0xdf, 0xe6, 0x0, 0x0, 0x0, 0x0, 0x0, 0x87,
    0xff, 0x3b, 0xe0, 0xe6, 0x0, 0x0, 0x0, 0x0,
    0x0, 0x87, 0xff, 0x3a, 0xca, 0xfa, 0x7, 0x0,
    0x0, 0x0, 0x0, 0xa1, 0xff, 0x25, 0x90, 0xff,
    0x58, 0x0, 0x0, 0x0, 0xe, 0xe9, 0xea, 0x1,
    0x22, 0xf5, 0xf8, 0x9d, 0x79, 0x89, 0xdc, 0xff,
    0x73, 0x0, 0x0, 0x2e, 0xab, 0xe6, 0xfa, 0xef,
    0xc7, 0x62, 0x0, 0x0,

    /* U+00F7 "÷" */
    0x0, 0x0, 0x0, 0x1, 0x37, 0xf, 0x0, 0x0,
    0x0, 0x0, 0x0, 0x0, 0x0, 0x23, 0xff, 0x85,
    0x0, 0x0, 0x0, 0x0, 0x0, 0x0, 0x0, 0x1a,
    0xf8, 0x74, 0x0, 0x0, 0x0, 0x0, 0x0, 0x0,
    0x0, 0x0, 0x0, 0x0, 0x0, 0x0, 0x0, 0x0,
    0x8, 0xc, 0xc, 0xc, 0xc, 0xc, 0xc, 0xc,
    0xc, 0x0, 0xb0, 0xff, 0xff, 0xff, 0xff, 0xff,
    0xff, 0xff, 0xff, 0x14, 0x29, 0x3c, 0x3c, 0x3c,
    0x3c, 0x3c, 0x3c, 0x3c, 0x3c, 0x4, 0x0, 0x0,
    0x0, 0x1, 0x37, 0x11, 0x0, 0x0, 0x0, 0x0,
    0x0, 0x0, 0x0, 0x23, 0xff, 0x85, 0x0, 0x0,
    0x0, 0x0, 0x0, 0x0, 0x0, 0x1a, 0xf8, 0x74,
    0x0, 0x0, 0x0, 0x0,

    /* U+00F8 "ø" */
    0x0, 0x0, 0x0, 0x0, 0x0, 0x0, 0x4, 0x43,
    0x0, 0x0, 0x0, 0x0, 0x0, 0x0, 0x0, 0x0,
    0x5d, 0x97, 0x0, 0x0, 0x0, 0x2d, 0xab, 0xe6,
    0xf9, 0xef, 0xff, 0x86, 0x0, 0x0, 0x21, 0xf5,
    0xf8, 0x9d, 0x7a, 0xd5, 0xff, 0xff, 0x73, 0x0,
    0x90, 0xff, 0x58, 0x0, 0x0, 0xc2, 0x41, 0xe9,
    0xea, 0x1, 0xca, 0xfa, 0x7, 0x0, 0x39, 0xbb,
    0x0, 0xa1, 0xff, 0x25, 0xdf, 0xe6, 0x0, 0x0,
    0xb0, 0x44, 0x0, 0x87, 0xff, 0x3b, 0xe0, 0xe6,
    0x0, 0x28, 0xcb, 0x0, 0x0, 0x87, 0xff, 0x3a,
    0xca, 0xfa, 0x7, 0x9e, 0x56, 0x0, 0x0, 0xa1,
    0xff, 0x25, 0x90, 0xff, 0x73, 0xd6, 0x3, 0x0,
    0xe, 0xe9, 0xea, 0x1, 0x22, 0xf5, 0xff, 0xff,
    0x79, 0x89, 0xdc, 0xff, 0x73, 0x0, 0x0, 0x3e,
    0xff, 0xef, 0xfa, 0xef, 0xc7, 0x62, 0x0, 0x0,
    0x0, 0x72, 0x7a, 0x0, 0x0, 0x0, 0x0, 0x0,
    0x0, 0x0, 0x0, 0x7, 0xa, 0x0, 0x0, 0x0,
    0x0, 0x0, 0x0, 0x0,

    /* U+00F9 "ù" */
    0x0, 0x14, 0xbd, 0x24, 0x0, 0x0, 0x0, 0x0,
    0x0, 0x0, 0x3f, 0xea, 0xec, 0x3c, 0x0, 0x0,
    0x0, 0x0, 0x0, 0x0, 0x12, 0x9d, 0xf7, 0x5a,
    0x0, 0x0, 0x0, 0x0, 0x0, 0x0, 0x0, 0x3e,
    0x5c, 0x0, 0x0, 0x0, 0x0, 0x0, 0x0, 0x0,
    0x0, 0x0, 0x0, 0x0, 0x0, 0x80, 0xff, 0x34,
    0x0, 0x0, 0x0, 0x0, 0xdc, 0xd8, 0x80, 0xff,
    0x34, 0x0, 0x0, 0x0, 0x0, 0xdc, 0xd8, 0x80,
    0xff, 0x34, 0x0, 0x0, 0x0, 0x0, 0xdc, 0xd8,
    0x80, 0xff, 0x34, 0x0, 0x0, 0x0, 0x0, 0xdc,
    0xd8, 0x80, 0xff, 0x34, 0x0, 0x0, 0x0, 0x0,
    0xdc, 0xd8, 0x80, 0xff, 0x34, 0x0, 0x0, 0x0,
    0x0, 0xdc, 0xd8, 0x80, 0xff, 0x34, 0x0, 0x0,
    0x0, 0x0, 0xdc, 0xd8, 0x77, 0xff, 0x4c, 0x0,
    0x0, 0x9, 0x7d, 0xff, 0xd8, 0x46, 0xff, 0xde,
    0x86, 0x97, 0xe7, 0xdd, 0xd7, 0xd8, 0x0, 0x84,
    0xe8, 0xf6, 0xcd, 0x72, 0x8, 0x8f, 0xd8,

    /* U+00FA "ú" */
    0x0, 0x0, 0x0, 0x0, 0x0, 0x0, 0x5, 0x0,
    0x0, 0x0, 0x0, 0x0, 0x0, 0x0, 0x2b, 0xdb,
    0x38, 0x0, 0x0, 0x0, 0x0, 0x0, 0x44, 0xf0,
    0xe1, 0x43, 0x0, 0x0, 0x0, 0x0, 0x5a, 0xf7,
    0x8d, 0xb, 0x0, 0x0, 0x0, 0x0, 0x0, 0x33,
    0x31, 0x0, 0x0, 0x0, 0x0, 0x0, 0x0, 0x0,
    0x0, 0x0, 0x0, 0x0, 0x0, 0x0, 0x80, 0xff,
    0x34, 0x0, 0x0, 0x0, 0x0, 0xdc, 0xd8, 0x80,
    0xff, 0x34, 0x0, 0x0, 0x0, 0x0, 0xdc, 0xd8,
    0x80, 0xff, 0x34, 0x0, 0x0, 0x0, 0x0, 0xdc,
    0xd8, 0x80, 0xff, 0x34, 0x0, 0x0, 0x0, 0x0,
    0xdc, 0xd8, 0x80, 0xff, 0x34, 0x0, 0x0, 0x0,
    0x0, 0xdc, 0xd8, 0x80, 0xff, 0x34, 0x0, 0x0,
    0x0, 0x0, 0xdc, 0xd8, 0x80, 0xff, 0x34, 0x0,
    0x0, 0x0, 0x0, 0xdc, 0xd8, 0x77, 0xff, 0x4c,
    0x0, 0x0, 0x9, 0x7d, 0xff, 0xd8, 0x46, 0xff,
    0xde, 0x86, 0x97, 0xe7, 0xdd, 0xd7, 0xd8, 0x0,
    0x84, 0xe8, 0xf6, 0xcd, 0x72, 0x8, 0x8f, 0xd8,

    /* U+00FB "û" */
    0x0, 0x0, 0x1, 0x85, 0xff, 0xcb, 0x1b, 0x0,
    0x0, 0x0, 0xc, 0xaf, 0xd8, 0x4c, 0xa0, 0xe5,
    0x36, 0x0, 0x0, 0x42, 0x84, 0x7, 0x0, 0x0,
    0x46, 0x89, 0x0, 0x0, 0x0, 0x0, 0x0, 0x0,
    0x0, 0x0, 0x0, 0x0, 0x80, 0xff, 0x34, 0x0,
    0x0, 0x0, 0x0, 0xdc, 0xd8, 0x80, 0xff, 0x34,
    0x0, 0x0, 0x0, 0x0, 0xdc, 0xd8, 0x80, 0xff,
    0x34, 0x0, 0x0, 0x0, 0x0, 0xdc, 0xd8, 0x80,
    0xff, 0x34, 0x0, 0x0, 0x0, 0x0, 0xdc, 0xd8,
    0x80, 0xff, 0x34, 0x0, 0x0, 0x0, 0x0, 0xdc,
    0xd8, 0x80, 0xff, 0x34, 0x0, 0x0, 0x0, 0x0,
    0xdc, 0xd8, 0x80, 0xff, 0x34, 0x0, 0x0, 0x0,
    0x0, 0xdc, 0xd8, 0x77, 0xff, 0x4c, 0x0, 0x0,
    0x9, 0x7d, 0xff, 0xd8, 0x46, 0xff, 0xde, 0x86,
    0x97, 0xe7, 0xdd, 0xd7, 0xd8, 0x0, 0x84, 0xe8,
    0xf6, 0xcd, 0x72, 0x8, 0x8f, 0xd8,

    /* U+00FC "ü" */
    0x0, 0x0, 0xc9, 0x9a, 0x0, 0x3e, 0xfb, 0x2c,
    0x0, 0x0, 0x0, 0xcf, 0x9f, 0x0, 0x43, 0xff,
    0x2f, 0x0, 0x0, 0x0, 0x7, 0x4, 0x0, 0x0,
    0xb, 0x0, 0x0, 0x0, 0x0, 0x0, 0x0, 0x0,
    0x0, 0x0, 0x0, 0x0, 0x80, 0xff, 0x34, 0x0,
    0x0, 0x0, 0x0, 0xdc, 0xd8, 0x80, 0xff, 0x34,
    0x0, 0x0, 0x0, 0x0, 0xdc, 0xd8, 0x80, 0xff,
    0x34, 0x0, 0x0, 0x0, 0x0, 0xdc, 0xd8, 0x80,
    0xff, 0x34, 0x0, 0x0, 0x0, 0x0, 0xdc, 0xd8,
    0x80, 0xff, 0x34, 0x0, 0x0, 0x0, 0x0, 0xdc,
    0xd8, 0x80, 0xff, 0x34, 0x0, 0x0, 0x0, 0x0,
    0xdc, 0xd8, 0x80, 0xff, 0x34, 0x0, 0x0, 0x0,
    0x0, 0xdc, 0xd8, 0x77, 0xff, 0x4c, 0x0, 0x0,
    0x9, 0x7d, 0xff, 0xd8, 0x46, 0xff, 0xde, 0x86,
    0x97, 0xe7, 0xdd, 0xd7, 0xd8, 0x0, 0x84, 0xe8,
    0xf6, 0xcd, 0x72, 0x8, 0x8f, 0xd8,

    /* U+00FD "ý" */
    0x0, 0x0, 0x0, 0x0, 0x0, 0x0, 0x0, 0x2,
    0x0, 0x0, 0x0, 0x0, 0x0, 0x0, 0x0, 0x0,
    0x0, 0x5c, 0xc0, 0x4, 0x0, 0x0, 0x0, 0x0,
    0x0, 0x0, 0x0, 0x80, 0xff, 0xc1, 0x18, 0x0,
    0x0, 0x0, 0x0, 0x0, 0x1, 0xa5, 0xec, 0x62,
    0x0, 0x0, 0x0, 0x0, 0x0, 0x0, 0x0, 0x0,
    0x61, 0x14, 0x0, 0x0, 0x0, 0x0, 0x0, 0x0,
    0x0, 0x0, 0x0, 0x0, 0x0, 0x0, 0x0, 0x0,
    0x0, 0x0, 0x75, 0xff, 0x5b, 0x0, 0x0, 0x0,
    0x0, 0x0, 0xd1, 0xf5, 0xd, 0x19, 0xfc, 0xb4,
    0x0, 0x0, 0x0, 0x0, 0x29, 0xff, 0xa3, 0x0,
    0x0, 0xb6, 0xfa, 0x12, 0x0, 0x0, 0x0, 0x82,
    0xff, 0x43, 0x0, 0x0, 0x57, 0xff, 0x65, 0x0,
    0x0, 0x0, 0xda, 0xe1, 0x1, 0x0, 0x0, 0x8,
    0xef, 0xbe, 0x0, 0x0, 0x34, 0xff, 0x83, 0x0,
    0x0, 0x0, 0x0, 0x99, 0xfd, 0x19, 0x0, 0x8d,
    0xff, 0x24, 0x0, 0x0, 0x0, 0x0, 0x3a, 0xff,
    0x6f, 0x2, 0xe4, 0xc3, 0x0, 0x0, 0x0, 0x0,
    0x0, 0x0, 0xda, 0xc6, 0x3f, 0xff, 0x63, 0x0,
    0x0, 0x0, 0x0, 0x0, 0x0, 0x7c, 0xfe, 0xc8,
    0xf5, 0xd, 0x0, 0x0, 0x0, 0x0, 0x0, 0x0,
    0x1d, 0xfd, 0xff, 0xa3, 0x0, 0x0, 0x0, 0x0,
    0x0, 0x0, 0x0, 0x0, 0x68, 0xff, 0x3e, 0x0,
    0x0, 0x0, 0x0, 0x0, 0x0, 0x0, 0x1e, 0xea,
    0xc6, 0x0, 0x0, 0x0, 0x0, 0x0, 0x0, 0x4,
    0x67, 0xe9, 0xef, 0x24, 0x0, 0x0, 0x0, 0x0,
    0x0, 0x0, 0x9, 0xf2, 0xb3, 0x20, 0x0, 0x0,
    0x0, 0x0, 0x0, 0x0,

    /* U+00FE "þ" */
    0x70, 0xff, 0x44, 0x0, 0x0, 0x0, 0x0, 0x0,
    0x0, 0x0, 0x70, 0xff, 0x44, 0x0, 0x0, 0x0,
    0x0, 0x0, 0x0, 0x0, 0x70, 0xff, 0x44, 0x0,
    0x0, 0x0, 0x0, 0x0, 0x0, 0x0, 0x70, 0xff,
    0x43, 0x0, 0x0, 0x0, 0x0, 0x0, 0x0, 0x0,
    0x70, 0xff, 0x43, 0x6c, 0xcd, 0xf6, 0xee, 0xa3,
    0x11, 0x0, 0x70, 0xff, 0xff, 0xef, 0x9a, 0x80,
    0xc5, 0xff, 0xac, 0x0, 0x70, 0xff, 0xd1, 0x10,
    0x0, 0x0, 0x3, 0xd3, 0xfc, 0x12, 0x70, 0xff,
    0x44, 0x0, 0x0, 0x0, 0x0, 0x8b, 0xff, 0x3e,
    0x70, 0xff, 0x44, 0x0, 0x0, 0x0, 0x0, 0x73,
    0xff, 0x51, 0x70, 0xff, 0x44, 0x0, 0x0, 0x0,
    0x0, 0x71, 0xff, 0x51, 0x70, 0xff, 0x44, 0x0,
    0x0, 0x0, 0x0, 0x88, 0xff, 0x40, 0x70, 0xff,
    0x52, 0x0, 0x0, 0x0, 0x1, 0xce, 0xff, 0x13,
    0x70, 0xff, 0xff, 0xb3, 0x83, 0x74, 0xbb, 0xff,
    0xb2, 0x0, 0x70, 0xff, 0x77, 0xa3, 0xe0, 0xfa,
    0xec, 0xa3, 0x11, 0x0, 0x70, 0xff, 0x41, 0x0,
    0x0, 0x0, 0x0, 0x0, 0x0, 0x0, 0x70, 0xff,
    0x43, 0x0, 0x0, 0x0, 0x0, 0x0, 0x0, 0x0,
    0x70, 0xff, 0x44, 0x0, 0x0, 0x0, 0x0, 0x0,
    0x0, 0x0, 0x70, 0xff, 0x44, 0x0, 0x0, 0x0,
    0x0, 0x0, 0x0, 0x0,

    /* U+00FF "ÿ" */
    0x0, 0x0, 0x28, 0xfb, 0x3e, 0x0, 0x99, 0xcc,
    0x0, 0x0, 0x0, 0x0, 0x0, 0x2c, 0xff, 0x44,
    0x0, 0x9f, 0xd3, 0x0, 0x0, 0x0, 0x0, 0x0,
    0x0, 0xc, 0x0, 0x0, 0x4, 0x7, 0x0, 0x0,
    0x0, 0x0, 0x0, 0x0, 0x0, 0x0, 0x0, 0x0,
    0x0, 0x0, 0x0, 0x0, 0x75, 0xff, 0x5b, 0x0,
    0x0, 0x0, 0x0, 0x0, 0xd1, 0xf5, 0xd, 0x19,
    0xfc, 0xb4, 0x0, 0x0, 0x0, 0x0, 0x29, 0xff,
    0xa3, 0x0, 0x0, 0xb6, 0xfa, 0x12, 0x0, 0x0,
    0x0, 0x82, 0xff, 0x43, 0x0, 0x0, 0x57, 0xff,
    0x65, 0x0, 0x0, 0x0, 0xda, 0xe1, 0x1, 0x0,
    0x0, 0x8, 0xef, 0xbe, 0x0, 0x0, 0x34, 0xff,
    0x83, 0x0, 0x0, 0x0, 0x0, 0x99, 0xfd, 0x19,
    0x0, 0x8d, 0xff, 0x24, 0x0, 0x0, 0x0, 0x0,
    0x3a, 0xff, 0x6f, 0x2, 0xe4, 0xc3, 0x0, 0x0,
    0x0, 0x0, 0x0, 0x0, 0xda, 0xc6, 0x3f, 0xff,
    0x63, 0x0, 0x0, 0x0, 0x0, 0x0, 0x0, 0x7c,
    0xfe, 0xc8, 0xf5, 0xd, 0x0, 0x0, 0x0, 0x0,
    0x0, 0x0, 0x1d, 0xfd, 0xff, 0xa3, 0x0, 0x0,
    0x0, 0x0, 0x0, 0x0, 0x0, 0x0, 0x68, 0xff,
    0x3e, 0x0, 0x0, 0x0, 0x0, 0x0, 0x0, 0x0,
    0x1e, 0xea, 0xc6, 0x0, 0x0, 0x0, 0x0, 0x0,
    0x0, 0x4, 0x67, 0xe9, 0xef, 0x24, 0x0, 0x0,
    0x0, 0x0, 0x0, 0x0, 0x9, 0xf2, 0xb3, 0x20,
    0x0, 0x0, 0x0, 0x0, 0x0, 0x0
};


/*---------------------
 *  GLYPH DESCRIPTION
 *--------------------*/

static const lv_font_fmt_txt_glyph_dsc_t glyph_dsc[] = {
    {.bitmap_index = 0, .adv_w = 0, .box_w = 0, .box_h = 0, .ofs_x = 0, .ofs_y = 0} /* id = 0 reserved */,
    {.bitmap_index = 0, .adv_w = 71, .box_w = 0, .box_h = 0, .ofs_x = 0, .ofs_y = 0},
    {.bitmap_index = 0, .adv_w = 87, .box_w = 3, .box_h = 14, .ofs_x = 1, .ofs_y = 0},
    {.bitmap_index = 42, .adv_w = 113, .box_w = 5, .box_h = 5, .ofs_x = 1, .ofs_y = 9},
    {.bitmap_index = 67, .adv_w = 219, .box_w = 13, .box_h = 14, .ofs_x = 0, .ofs_y = 0},
    {.bitmap_index = 249, .adv_w = 180, .box_w = 10, .box_h = 19, .ofs_x = 1, .ofs_y = -3},
    {.bitmap_index = 439, .adv_w = 286, .box_w = 17, .box_h = 14, .ofs_x = 0, .ofs_y = 0},
    {.bitmap_index = 677, .adv_w = 247, .box_w = 14, .box_h = 14, .ofs_x = 1, .ofs_y = 0},
    {.bitmap_index = 873, .adv_w = 67, .box_w = 2, .box_h = 5, .ofs_x = 1, .ofs_y = 9},
    {.bitmap_index = 883, .adv_w = 115, .box_w = 6, .box_h = 20, .ofs_x = 1, .ofs_y = -4},
    {.bitmap_index = 1003, .adv_w = 115, .box_w = 7, .box_h = 20, .ofs_x = 0, .ofs_y = -4},
    {.bitmap_index = 1143, .adv_w = 144, .box_w = 7, .box_h = 7, .ofs_x = 1, .ofs_y = 7},
    {.bitmap_index = 1192, .adv_w = 176, .box_w = 9, .box_h = 9, .ofs_x = 1, .ofs_y = 1},
    {.bitmap_index = 1273, .adv_w = 73, .box_w = 3, .box_h = 6, .ofs_x = 1, .ofs_y = -3},
    {.bitmap_index = 1291, .adv_w = 144, .box_w = 7, .box_h = 3, .ofs_x = 1, .ofs_y = 4},
    {.bitmap_index = 1312, .adv_w = 73, .box_w = 3, .box_h = 3, .ofs_x = 1, .ofs_y = 0},
    {.bitmap_index = 1321, .adv_w = 165, .box_w = 10, .box_h = 15, .ofs_x = 0, .ofs_y = -1},
    {.bitmap_index = 1471, .adv_w = 193, .box_w = 10, .box_h = 14, .ofs_x = 1, .ofs_y = 0},
    {.bitmap_index = 1611, .adv_w = 127, .box_w = 6, .box_h = 14, .ofs_x = 0, .ofs_y = 0},
    {.bitmap_index = 1695, .adv_w = 180, .box_w = 10, .box_h = 14, .ofs_x = 1, .ofs_y = 0},
    {.bitmap_index = 1835, .adv_w = 178, .box_w = 9, .box_h = 14, .ofs_x = 1, .ofs_y = 0},
    {.bitmap_index = 1961, .adv_w = 197, .box_w = 12, .box_h = 14, .ofs_x = 0, .ofs_y = 0},
    {.bitmap_index = 2129, .adv_w = 172, .box_w = 9, .box_h = 14, .ofs_x = 1, .ofs_y = 0},
    {.bitmap_index = 2255, .adv_w = 183, .box_w = 10, .box_h = 14, .ofs_x = 1, .ofs_y = 0},
    {.bitmap_index = 2395, .adv_w = 164, .box_w = 10, .box_h = 14, .ofs_x = 0, .ofs_y = 0},
    {.bitmap_index = 2535, .adv_w = 194, .box_w = 10, .box_h = 14, .ofs_x = 1, .ofs_y = 0},
    {.bitmap_index = 2675, .adv_w = 183, .box_w = 10, .box_h = 14, .ofs_x = 1, .ofs_y = 0},
    {.bitmap_index = 2815, .adv_w = 76, .box_w = 3, .box_h = 9, .ofs_x = 1, .ofs_y = 0},
    {.bitmap_index = 2842, .adv_w = 76, .box_w = 3, .box_h = 12, .ofs_x = 1, .ofs_y = -3},
    {.bitmap_index = 2878, .adv_w = 170, .box_w = 9, .box_h = 10, .ofs_x = 1, .ofs_y = 1},
    {.bitmap_index = 2968, .adv_w = 187, .box_w = 10, .box_h = 7, .ofs_x = 1, .ofs_y = 2},
    {.bitmap_index = 3038, .adv_w = 170, .box_w = 9, .box_h = 10, .ofs_x = 1, .ofs_y = 1},
    {.bitmap_index = 3128, .adv_w = 162, .box_w = 10, .box_h = 14, .ofs_x = 0, .ofs_y = 0},
    {.bitmap_index = 3268, .adv_w = 230, .box_w = 12, .box_h = 14, .ofs_x = 1, .ofs_y = -2},
    {.bitmap_index = 3436, .adv_w = 199, .box_w = 13, .box_h = 14, .ofs_x = 0, .ofs_y = 0},
    {.bitmap_index = 3618, .adv_w = 198, .box_w = 11, .box_h = 14, .ofs_x = 1, .ofs_y = 0},
    {.bitmap_index = 3772, .adv_w = 182, .box_w = 10, .box_h = 14, .ofs_x = 1, .ofs_y = 0},
    {.bitmap_index = 3912, .adv_w = 212, .box_w = 12, .box_h = 14, .ofs_x = 1, .ofs_y = 0},
    {.bitmap_index = 4080, .adv_w = 179, .box_w = 10, .box_h = 14, .ofs_x = 1, .ofs_y = 0},
    {.bitmap_index = 4220, .adv_w = 172, .box_w = 10, .box_h = 14, .ofs_x = 1, .ofs_y = 0},
    {.bitmap_index = 4360, .adv_w = 201, .box_w = 11, .box_h = 14, .ofs_x = 1, .ofs_y = 0},
    {.bitmap_index = 4514, .adv_w = 214, .box_w = 11, .box_h = 14, .ofs_x = 1, .ofs_y = 0},
    {.bitmap_index = 4668, .adv_w = 84, .box_w = 3, .box_h = 14, .ofs_x = 1, .ofs_y = 0},
    {.bitmap_index = 4710, .adv_w = 109, .box_w = 6, .box_h = 14, .ofs_x = 0, .ofs_y = 0},
    {.bitmap_index = 4794, .adv_w = 189, .box_w = 11, .box_h = 14, .ofs_x = 1, .ofs_y = 0},
    {.bitmap_index = 4948, .adv_w = 164, .box_w = 9, .box_h = 14, .ofs_x = 1, .ofs_y = 0},
    {.bitmap_index = 5074, .adv_w = 281, .box_w = 16, .box_h = 14, .ofs_x = 1, .ofs_y = 0},
    {.bitmap_index = 5298, .adv_w = 226, .box_w = 12, .box_h = 14, .ofs_x = 1, .ofs_y = 0},
    {.bitmap_index = 5466, .adv_w = 214, .box_w = 12, .box_h = 14, .ofs_x = 1, .ofs_y = 0},
    {.bitmap_index = 5634, .adv_w = 189, .box_w = 10, .box_h = 14, .ofs_x = 1, .ofs_y = 0},
    {.bitmap_index = 5774, .adv_w = 214, .box_w = 12, .box_h = 18, .ofs_x = 1, .ofs_y = -4},
    {.bitmap_index = 5990, .adv_w = 198, .box_w = 11, .box_h = 14, .ofs_x = 1, .ofs_y = 0},
    {.bitmap_index = 6144, .adv_w = 180, .box_w = 10, .box_h = 14, .ofs_x = 1, .ofs_y = 0},
    {.bitmap_index = 6284, .adv_w = 186, .box_w = 12, .box_h = 14, .ofs_x = 0, .ofs_y = 0},
    {.bitmap_index = 6452, .adv_w = 213, .box_w = 11, .box_h = 14, .ofs_x = 1, .ofs_y = 0},
    {.bitmap_index = 6606, .adv_w = 195, .box_w = 12, .box_h = 14, .ofs_x = 0, .ofs_y = 0},
    {.bitmap_index = 6774, .adv_w = 303, .box_w = 19, .box_h = 14, .ofs_x = 0, .ofs_y = 0},
    {.bitmap_index = 7040, .adv_w = 196, .box_w = 12, .box_h = 14, .ofs_x = 0, .ofs_y = 0},
    {.bitmap_index = 7208, .adv_w = 182, .box_w = 12, .box_h = 14, .ofs_x = 0, .ofs_y = 0},
    {.bitmap_index = 7376, .adv_w = 181, .box_w = 11, .box_h = 14, .ofs_x = 0, .ofs_y = 0},
    {.bitmap_index = 7530, .adv_w = 105, .box_w = 5, .box_h = 20, .ofs_x = 1, .ofs_y = -4},
    {.bitmap_index = 7630, .adv_w = 166, .box_w = 10, .box_h = 15, .ofs_x = 0, .ofs_y = -1},
    {.bitmap_index = 7780, .adv_w = 105, .box_w = 5, .box_h = 20, .ofs_x = 0, .ofs_y = -4},
    {.bitmap_index = 7880, .adv_w = 136, .box_w = 8, .box_h = 5, .ofs_x = 0, .ofs_y = 7},
    {.bitmap_index = 7920, .adv_w = 140, .box_w = 9, .box_h = 3, .ofs_x = 0, .ofs_y = -2},
    {.bitmap_index = 7947, .adv_w = 101, .box_w = 6, .box_h = 5, .ofs_x = 0, .ofs_y = 10},
    {.bitmap_index = 7977, .adv_w = 176, .box_w = 9, .box_h = 10, .ofs_x = 1, .ofs_y = 0},
    {.bitmap_index = 8067, .adv_w = 182, .box_w = 10, .box_h = 14, .ofs_x = 1, .ofs_y = 0},
    {.bitmap_index = 8207, .adv_w = 156, .box_w = 9, .box_h = 10, .ofs_x = 1, .ofs_y = 0},
    {.bitmap_index = 8297, .adv_w = 183, .box_w = 9, .box_h = 14, .ofs_x = 1, .ofs_y = 0},
    {.bitmap_index = 8423, .adv_w = 172, .box_w = 9, .box_h = 10, .ofs_x = 1, .ofs_y = 0},
    {.bitmap_index = 8513, .adv_w = 122, .box_w = 8, .box_h = 14, .ofs_x = 0, .ofs_y = 0},
    {.bitmap_index = 8625, .adv_w = 179, .box_w = 11, .box_h = 14, .ofs_x = 0, .ofs_y = -4},
    {.bitmap_index = 8779, .adv_w = 186, .box_w = 10, .box_h = 14, .ofs_x = 1, .ofs_y = 0},
    {.bitmap_index = 8919, .adv_w = 79, .box_w = 3, .box_h = 14, .ofs_x = 1, .ofs_y = 0},
    {.bitmap_index = 8961, .adv_w = 80, .box_w = 4, .box_h = 18, .ofs_x = 0, .ofs_y = -4},
    {.bitmap_index = 9033, .adv_w = 163, .box_w = 9, .box_h = 14, .ofs_x = 1, .ofs_y = 0},
    {.bitmap_index = 9159, .adv_w = 95, .box_w = 5, .box_h = 14, .ofs_x = 1, .ofs_y = 0},
    {.bitmap_index = 9229, .adv_w = 280, .box_w = 16, .box_h = 10, .ofs_x = 1, .ofs_y = 0},
    {.bitmap_index = 9389, .adv_w = 186, .box_w = 10, .box_h = 10, .ofs_x = 1, .ofs_y = 0},
    {.bitmap_index = 9489, .adv_w = 182, .box_w = 10, .box_h = 10, .ofs_x = 1, .ofs_y = 0},
    {.bitmap_index = 9589, .adv_w = 186, .box_w = 10, .box_h = 14, .ofs_x = 1, .ofs_y = -4},
    {.bitmap_index = 9729, .adv_w = 182, .box_w = 9, .box_h = 14, .ofs_x = 1, .ofs_y = -4},
    {.bitmap_index = 9855, .adv_w = 128, .box_w = 7, .box_h = 10, .ofs_x = 1, .ofs_y = 0},
    {.bitmap_index = 9925, .adv_w = 163, .box_w = 9, .box_h = 10, .ofs_x = 1, .ofs_y = 0},
    {.bitmap_index = 10015, .adv_w = 122, .box_w = 8, .box_h = 13, .ofs_x = 0, .ofs_y = 0},
    {.bitmap_index = 10119, .adv_w = 182, .box_w = 9, .box_h = 10, .ofs_x = 1, .ofs_y = 0},
    {.bitmap_index = 10209, .adv_w = 170, .box_w = 11, .box_h = 10, .ofs_x = 0, .ofs_y = 0},
    {.bitmap_index = 10319, .adv_w = 264, .box_w = 16, .box_h = 10, .ofs_x = 0, .ofs_y = 0},
    {.bitmap_index = 10479, .adv_w = 169, .box_w = 11, .box_h = 10, .ofs_x = 0, .ofs_y = 0},
    {.bitmap_index = 10589, .adv_w = 169, .box_w = 11, .box_h = 14, .ofs_x = 0, .ofs_y = -4},
    {.bitmap_index = 10743, .adv_w = 163, .box_w = 10, .box_h = 10, .ofs_x = 0, .ofs_y = 0},
    {.bitmap_index = 10843, .adv_w = 102, .box_w = 6, .box_h = 20, .ofs_x = 0, .ofs_y = -4},
    {.bitmap_index = 10963, .adv_w = 79, .box_w = 3, .box_h = 19, .ofs_x = 1, .ofs_y = -3},
    {.bitmap_index = 11020, .adv_w = 102, .box_w = 6, .box_h = 20, .ofs_x = 0, .ofs_y = -4},
    {.bitmap_index = 11140, .adv_w = 168, .box_w = 9, .box_h = 3, .ofs_x = 1, .ofs_y = 5},
    {.bitmap_index = 11167, .adv_w = 71, .box_w = 0, .box_h = 0, .ofs_x = 0, .ofs_y = 0},
    {.bitmap_index = 11167, .adv_w = 82, .box_w = 3, .box_h = 14, .ofs_x = 1, .ofs_y = -4},
    {.bitmap_index = 11209, .adv_w = 163, .box_w = 9, .box_h = 14, .ofs_x = 1, .ofs_y = 0},
    {.bitmap_index = 11335, .adv_w = 182, .box_w = 10, .box_h = 14, .ofs_x = 1, .ofs_y = 0},
    {.bitmap_index = 11475, .adv_w = 190, .box_w = 10, .box_h = 10, .ofs_x = 1, .ofs_y = 2},
    {.bitmap_index = 11575, .adv_w = 198, .box_w = 12, .box_h = 14, .ofs_x = 0, .ofs_y = 0},
    {.bitmap_index = 11743, .adv_w = 79, .box_w = 3, .box_h = 20, .ofs_x = 1, .ofs_y = -3},
    {.bitmap_index = 11803, .adv_w = 174, .box_w = 9, .box_h = 18, .ofs_x = 1, .ofs_y = -4},
    {.bitmap_index = 11965, .adv_w = 132, .box_w = 6, .box_h = 3, .ofs_x = 1, .ofs_y = 12},
    {.bitmap_index = 11983, .adv_w = 268, .box_w = 15, .box_h = 14, .ofs_x = 1, .ofs_y = 0},
    {.bitmap_index = 12193, .adv_w = 141, .box_w = 7, .box_h = 7, .ofs_x = 1, .ofs_y = 5},
    {.bitmap_index = 12242, .adv_w = 155, .box_w = 9, .box_h = 10, .ofs_x = 0, .ofs_y = 0},
    {.bitmap_index = 12332, .adv_w = 189, .box_w = 10, .box_h = 5, .ofs_x = 1, .ofs_y = 3},
    {.bitmap_index = 12382, .adv_w = 177, .box_w = 9, .box_h = 9, .ofs_x = 1, .ofs_y = 5},
    {.bitmap_index = 12463, .adv_w = 128, .box_w = 6, .box_h = 3, .ofs_x = 1, .ofs_y = 11},
    {.bitmap_index = 12481, .adv_w = 116, .box_w = 6, .box_h = 6, .ofs_x = 1, .ofs_y = 8},
    {.bitmap_index = 12517, .adv_w = 188, .box_w = 10, .box_h = 10, .ofs_x = 1, .ofs_y = 1},
    {.bitmap_index = 12617, .adv_w = 132, .box_w = 7, .box_h = 8, .ofs_x = 1, .ofs_y = 7},
    {.bitmap_index = 12673, .adv_w = 130, .box_w = 6, .box_h = 8, .ofs_x = 1, .ofs_y = 7},
    {.bitmap_index = 12721, .adv_w = 100, .box_w = 6, .box_h = 5, .ofs_x = 0, .ofs_y = 10},
    {.bitmap_index = 12751, .adv_w = 185, .box_w = 11, .box_h = 14, .ofs_x = 1, .ofs_y = -4},
    {.bitmap_index = 12905, .adv_w = 190, .box_w = 10, .box_h = 18, .ofs_x = 0, .ofs_y = -4},
    {.bitmap_index = 13085, .adv_w = 76, .box_w = 3, .box_h = 3, .ofs_x = 1, .ofs_y = 4},
    {.bitmap_index = 13094, .adv_w = 75, .box_w = 5, .box_h = 4, .ofs_x = 0, .ofs_y = -5},
    {.bitmap_index = 13114, .adv_w = 94, .box_w = 5, .box_h = 8, .ofs_x = 0, .ofs_y = 7},
    {.bitmap_index = 13154, .adv_w = 142, .box_w = 7, .box_h = 8, .ofs_x = 1, .ofs_y = 4},
    {.bitmap_index = 13210, .adv_w = 155, .box_w = 8, .box_h = 10, .ofs_x = 1, .ofs_y = 0},
    {.bitmap_index = 13290, .adv_w = 276, .box_w = 17, .box_h = 15, .ofs_x = 0, .ofs_y = -1},
    {.bitmap_index = 13545, .adv_w = 284, .box_w = 17, .box_h = 15, .ofs_x = 0, .ofs_y = -1},
    {.bitmap_index = 13800, .adv_w = 305, .box_w = 18, .box_h = 15, .ofs_x = 1, .ofs_y = -1},
    {.bitmap_index = 14070, .adv_w = 160, .box_w = 10, .box_h = 14, .ofs_x = 0, .ofs_y = -4},
    {.bitmap_index = 14210, .adv_w = 199, .box_w = 13, .box_h = 19, .ofs_x = 0, .ofs_y = 0},
    {.bitmap_index = 14457, .adv_w = 199, .box_w = 13, .box_h = 19, .ofs_x = 0, .ofs_y = 0},
    {.bitmap_index = 14704, .adv_w = 199, .box_w = 13, .box_h = 18, .ofs_x = 0, .ofs_y = 0},
    {.bitmap_index = 14938, .adv_w = 199, .box_w = 13, .box_h = 18, .ofs_x = 0, .ofs_y = 0},
    {.bitmap_index = 15172, .adv_w = 199, .box_w = 13, .box_h = 18, .ofs_x = 0, .ofs_y = 0},
    {.bitmap_index = 15406, .adv_w = 199, .box_w = 13, .box_h = 19, .ofs_x = 0, .ofs_y = 0},
    {.bitmap_index = 15653, .adv_w = 292, .box_w = 19, .box_h = 14, .ofs_x = -1, .ofs_y = 0},
    {.bitmap_index = 15919, .adv_w = 182, .box_w = 10, .box_h = 19, .ofs_x = 1, .ofs_y = -5},
    {.bitmap_index = 16109, .adv_w = 179, .box_w = 10, .box_h = 19, .ofs_x = 1, .ofs_y = 0},
    {.bitmap_index = 16299, .adv_w = 179, .box_w = 10, .box_h = 19, .ofs_x = 1, .ofs_y = 0},
    {.bitmap_index = 16489, .adv_w = 179, .box_w = 10, .box_h = 18, .ofs_x = 1, .ofs_y = 0},
    {.bitmap_index = 16669, .adv_w = 179, .box_w = 10, .box_h = 18, .ofs_x = 1, .ofs_y = 0},
    {.bitmap_index = 16849, .adv_w = 84, .box_w = 5, .box_h = 19, .ofs_x = -1, .ofs_y = 0},
    {.bitmap_index = 16944, .adv_w = 84, .box_w = 5, .box_h = 19, .ofs_x = 1, .ofs_y = 0},
    {.bitmap_index = 17039, .adv_w = 84, .box_w = 7, .box_h = 18, .ofs_x = -1, .ofs_y = 0},
    {.bitmap_index = 17165, .adv_w = 84, .box_w = 6, .box_h = 18, .ofs_x = 0, .ofs_y = 0},
    {.bitmap_index = 17273, .adv_w = 214, .box_w = 13, .box_h = 14, .ofs_x = 0, .ofs_y = 0},
    {.bitmap_index = 17455, .adv_w = 226, .box_w = 12, .box_h = 18, .ofs_x = 1, .ofs_y = 0},
    {.bitmap_index = 17671, .adv_w = 214, .box_w = 12, .box_h = 19, .ofs_x = 1, .ofs_y = 0},
    {.bitmap_index = 17899, .adv_w = 214, .box_w = 12, .box_h = 19, .ofs_x = 1, .ofs_y = 0},
    {.bitmap_index = 18127, .adv_w = 214, .box_w = 12, .box_h = 18, .ofs_x = 1, .ofs_y = 0},
    {.bitmap_index = 18343, .adv_w = 214, .box_w = 12, .box_h = 19, .ofs_x = 1, .ofs_y = 0},
    {.bitmap_index = 18571, .adv_w = 214, .box_w = 12, .box_h = 18, .ofs_x = 1, .ofs_y = 0},
    {.bitmap_index = 18787, .adv_w = 155, .box_w = 9, .box_h = 8, .ofs_x = 0, .ofs_y = 2},
    {.bitmap_index = 18859, .adv_w = 214, .box_w = 12, .box_h = 17, .ofs_x = 1, .ofs_y = -1},
    {.bitmap_index = 19063, .adv_w = 213, .box_w = 11, .box_h = 19, .ofs_x = 1, .ofs_y = 0},
    {.bitmap_index = 19272, .adv_w = 213, .box_w = 11, .box_h = 19, .ofs_x = 1, .ofs_y = 0},
    {.bitmap_index = 19481, .adv_w = 213, .box_w = 11, .box_h = 18, .ofs_x = 1, .ofs_y = 0},
    {.bitmap_index = 19679, .adv_w = 213, .box_w = 11, .box_h = 18, .ofs_x = 1, .ofs_y = 0},
    {.bitmap_index = 19877, .adv_w = 182, .box_w = 12, .box_h = 19, .ofs_x = 0, .ofs_y = 0},
    {.bitmap_index = 20105, .adv_w = 189, .box_w = 10, .box_h = 14, .ofs_x = 1, .ofs_y = 0},
    {.bitmap_index = 20245, .adv_w = 216, .box_w = 13, .box_h = 14, .ofs_x = 0, .ofs_y = 0},
    {.bitmap_index = 20427, .adv_w = 176, .box_w = 9, .box_h = 15, .ofs_x = 1, .ofs_y = 0},
    {.bitmap_index = 20562, .adv_w = 176, .box_w = 9, .box_h = 15, .ofs_x = 1, .ofs_y = 0},
    {.bitmap_index = 20697, .adv_w = 176, .box_w = 9, .box_h = 14, .ofs_x = 1, .ofs_y = 0},
    {.bitmap_index = 20823, .adv_w = 176, .box_w = 9, .box_h = 15, .ofs_x = 1, .ofs_y = 0},
    {.bitmap_index = 20958, .adv_w = 176, .box_w = 9, .box_h = 14, .ofs_x = 1, .ofs_y = 0},
    {.bitmap_index = 21084, .adv_w = 176, .box_w = 9, .box_h = 15, .ofs_x = 1, .ofs_y = 0},
    {.bitmap_index = 21219, .adv_w = 279, .box_w = 16, .box_h = 10, .ofs_x = 1, .ofs_y = 0},
    {.bitmap_index = 21379, .adv_w = 156, .box_w = 9, .box_h = 15, .ofs_x = 1, .ofs_y = -5},
    {.bitmap_index = 21514, .adv_w = 172, .box_w = 9, .box_h = 15, .ofs_x = 1, .ofs_y = 0},
    {.bitmap_index = 21649, .adv_w = 172, .box_w = 9, .box_h = 15, .ofs_x = 1, .ofs_y = 0},
    {.bitmap_index = 21784, .adv_w = 172, .box_w = 9, .box_h = 14, .ofs_x = 1, .ofs_y = 0},
    {.bitmap_index = 21910, .adv_w = 172, .box_w = 9, .box_h = 14, .ofs_x = 1, .ofs_y = 0},
    {.bitmap_index = 22036, .adv_w = 80, .box_w = 5, .box_h = 15, .ofs_x = -1, .ofs_y = 0},
    {.bitmap_index = 22111, .adv_w = 80, .box_w = 5, .box_h = 16, .ofs_x = 1, .ofs_y = 0},
    {.bitmap_index = 22191, .adv_w = 80, .box_w = 7, .box_h = 14, .ofs_x = -1, .ofs_y = 0},
    {.bitmap_index = 22289, .adv_w = 80, .box_w = 7, .box_h = 14, .ofs_x = -1, .ofs_y = 0},
    {.bitmap_index = 22387, .adv_w = 179, .box_w = 9, .box_h = 15, .ofs_x = 1, .ofs_y = 0},
    {.bitmap_index = 22522, .adv_w = 186, .box_w = 10, .box_h = 15, .ofs_x = 1, .ofs_y = 0},
    {.bitmap_index = 22672, .adv_w = 182, .box_w = 10, .box_h = 15, .ofs_x = 1, .ofs_y = 0},
    {.bitmap_index = 22822, .adv_w = 182, .box_w = 10, .box_h = 15, .ofs_x = 1, .ofs_y = 0},
    {.bitmap_index = 22972, .adv_w = 182, .box_w = 10, .box_h = 14, .ofs_x = 1, .ofs_y = 0},
    {.bitmap_index = 23112, .adv_w = 182, .box_w = 10, .box_h = 15, .ofs_x = 1, .ofs_y = 0},
    {.bitmap_index = 23262, .adv_w = 182, .box_w = 10, .box_h = 14, .ofs_x = 1, .ofs_y = 0},
    {.bitmap_index = 23402, .adv_w = 183, .box_w = 10, .box_h = 10, .ofs_x = 1, .ofs_y = 1},
    {.bitmap_index = 23502, .adv_w = 182, .box_w = 10, .box_h = 14, .ofs_x = 1, .ofs_y = -2},
    {.bitmap_index = 23642, .adv_w = 182, .box_w = 9, .box_h = 15, .ofs_x = 1, .ofs_y = 0},
    {.bitmap_index = 23777, .adv_w = 182, .box_w = 9, .box_h = 16, .ofs_x = 1, .ofs_y = 0},
    {.bitmap_index = 23921, .adv_w = 182, .box_w = 9, .box_h = 14, .ofs_x = 1, .ofs_y = 0},
    {.bitmap_index = 24047, .adv_w = 182, .box_w = 9, .box_h = 14, .ofs_x = 1, .ofs_y = 0},
    {.bitmap_index = 24173, .adv_w = 169, .box_w = 11, .box_h = 20, .ofs_x = 0, .ofs_y = -4},
    {.bitmap_index = 24393, .adv_w = 184, .box_w = 10, .box_h = 18, .ofs_x = 1, .ofs_y = -4},
    {.bitmap_index = 24573, .adv_w = 169, .box_w = 11, .box_h = 18, .ofs_x = 0, .ofs_y = -4}
};

/*---------------------
 *  CHARACTER MAPPING
 *--------------------*/



/*Collect the unicode lists and glyph_id offsets*/
static const lv_font_fmt_txt_cmap_t cmaps[] =
{
    {
        .range_start = 32, .range_length = 95, .glyph_id_start = 1,
        .unicode_list = NULL, .glyph_id_ofs_list = NULL, .list_length = 0, .type = LV_FONT_FMT_TXT_CMAP_FORMAT0_TINY
    },
    {
        .range_start = 160, .range_length = 13, .glyph_id_start = 96,
        .unicode_list = NULL, .glyph_id_ofs_list = NULL, .list_length = 0, .type = LV_FONT_FMT_TXT_CMAP_FORMAT0_TINY
    },
    {
        .range_start = 174, .range_length = 82, .glyph_id_start = 109,
        .unicode_list = NULL, .glyph_id_ofs_list = NULL, .list_length = 0, .type = LV_FONT_FMT_TXT_CMAP_FORMAT0_TINY
    }
};

/*-----------------
 *    KERNING
 *----------------*/


/*Pair left and right glyphs for kerning*/
static const uint8_t kern_pair_glyph_ids[] =
{
    1, 3,
    1, 8,
    1, 101,
    2, 10,
    2, 62,
    2, 94,
    3, 1,
    3, 13,
    3, 14,
    3, 15,
    3, 16,
    3, 21,
    3, 96,
    3, 98,
    4, 10,
    4, 62,
    4, 94,
    5, 10,
    5, 62,
    5, 94,
    6, 10,
    6, 62,
    6, 94,
    7, 3,
    7, 8,
    7, 101,
    8, 1,
    8, 13,
    8, 14,
    8, 15,
    8, 16,
    8, 21,
    8, 96,
    8, 98,
    9, 5,
    9, 9,
    9, 92,
    9, 98,
    9, 99,
    9, 103,
    10, 10,
    10, 62,
    10, 94,
    11, 98,
    12, 10,
    12, 62,
    12, 94,
    13, 3,
    13, 8,
    13, 18,
    13, 21,
    13, 24,
    13, 101,
    14, 3,
    14, 5,
    14, 8,
    14, 18,
    14, 24,
    14, 101,
    14, 103,
    15, 3,
    15, 8,
    15, 18,
    15, 21,
    15, 24,
    15, 101,
    16, 16,
    16, 98,
    17, 10,
    17, 62,
    17, 94,
    18, 10,
    18, 62,
    18, 94,
    20, 10,
    20, 62,
    20, 94,
    21, 3,
    21, 5,
    21, 8,
    21, 101,
    21, 103,
    22, 10,
    22, 62,
    22, 94,
    23, 10,
    23, 62,
    23, 94,
    24, 13,
    24, 14,
    24, 15,
    27, 101,
    28, 101,
    29, 10,
    29, 62,
    29, 94,
    30, 10,
    30, 62,
    30, 94,
    31, 10,
    31, 62,
    31, 94,
    32, 10,
    32, 62,
    32, 94,
    33, 101,
    60, 5,
    60, 9,
    60, 92,
    60, 98,
    60, 99,
    60, 103,
    61, 3,
    61, 8,
    61, 98,
    61, 101,
    62, 10,
    62, 62,
    62, 94,
    63, 10,
    63, 62,
    63, 94,
    64, 10,
    64, 62,
    64, 94,
    92, 5,
    92, 9,
    92, 92,
    92, 98,
    92, 99,
    92, 103,
    94, 10,
    94, 62,
    94, 94,
    95, 10,
    95, 62,
    95, 94,
    96, 3,
    96, 8,
    96, 101,
    97, 101,
    98, 10,
    98, 62,
    98, 94,
    99, 10,
    99, 62,
    99, 94,
    100, 10,
    100, 62,
    100, 94,
    101, 10,
    101, 62,
    101, 94,
    108, 10,
    108, 62,
    108, 94,
    112, 10,
    112, 62,
    112, 94,
    113, 10,
    113, 62,
    113, 94,
    114, 10,
    114, 62,
    114, 94,
    116, 10,
    116, 62,
    116, 94,
    120, 10,
    120, 62,
    120, 94,
    123, 10,
    123, 62,
    123, 94,
    124, 10,
    124, 62,
    124, 94,
    125, 10,
    125, 62,
    125, 94,
    126, 5,
    126, 98,
    126, 99,
    126, 101,
    126, 103,
    150, 10,
    150, 62,
    150, 94,
    182, 10,
    182, 62,
    182, 94
};

/* Kerning between the respective left and right glyphs
 * 4.4 format which needs to scaled with `kern_scale`*/
static const int8_t kern_pair_values[] =
{
    -4, -4, -9, -7, -2, -1, -4, -33,
    -20, -33, -23, -6, -4, -6, -7, -2,
    -1, -7, -2, -1, -7, -2, -1, -11,
    -11, -13, -4, -33, -20, -33, -23, -6,
    -4, -6, -9, -12, -5, -18, -7, -9,
    -12, -8, -6, -5, -7, -2, -1, -33,
    -33, -14, -3, -12, -19, -20, -4, -20,
    -10, -14, -17, -4, -33, -33, -14, -3,
    -12, -19, -31, -13, -7, -2, -1, -7,
    -2, -1, -7, -2, -1, -1, -1, -1,
    -3, -1, -7, -2, -1, -7, -2, -1,
    -15, -7, -15, -9, -9, -7, -2, -1,
    -7, -2, -1, -7, -2, -1, -7, -2,
    -1, -6, -6, -8, -4, -12, -2, -6,
    -23, -23, -6, -23, -7, -2, -1, -7,
    -2, -1, -7, -2, -1, -4, -6, -4,
    -9, -1, -4, -6, -4, -4, -7, -2,
    -1, -4, -4, -9, -9, -7, -2, -1,
    -7, -2, -1, -7, -2, -1, -7, -2,
    -1, -7, -2, -1, -7, -2, -1, -7,
    -2, -1, -7, -2, -1, -7, -2, -1,
    -7, -2, -1, -7, -2, -1, -7, -2,
    -1, -7, -2, -1, -17, -18, -17, -23,
    -17, -7, -2, -1, -7, -2, -1
};

/*Collect the kern pair's data in one place*/
static const lv_font_fmt_txt_kern_pair_t kern_pairs =
{
    .glyph_ids = kern_pair_glyph_ids,
    .values = kern_pair_values,
    .pair_cnt = 191,
    .glyph_ids_size = 0
};

/*--------------------
 *  ALL CUSTOM DATA
 *--------------------*/

#if LVGL_VERSION_MAJOR == 8
/*Store all the custom data of the font*/
static  lv_font_fmt_txt_glyph_cache_t cache;
#endif

#if LVGL_VERSION_MAJOR >= 8
static const lv_font_fmt_txt_dsc_t font_dsc = {
#else
static lv_font_fmt_txt_dsc_t font_dsc = {
#endif
    .glyph_bitmap = glyph_bitmap,
    .glyph_dsc = glyph_dsc,
    .cmaps = cmaps,
    .kern_dsc = &kern_pairs,
    .kern_scale = 16,
    .cmap_num = 3,
    .bpp = 8,
    .kern_classes = 0,
    .bitmap_format = 0,
#if LVGL_VERSION_MAJOR == 8
    .cache = &cache
#endif

};

extern const lv_font_t exo2_20;


/*-----------------
 *  PUBLIC FONT
 *----------------*/

/*Initialize a public general font descriptor*/
#if LVGL_VERSION_MAJOR >= 8
const lv_font_t exo2_20 = {
#else
lv_font_t exo2_20 = {
#endif
    .get_glyph_dsc = lv_font_get_glyph_dsc_fmt_txt,    /*Function pointer to get glyph's data*/
    .get_glyph_bitmap = lv_font_get_bitmap_fmt_txt,    /*Function pointer to get glyph's bitmap*/
    .line_height = 24,          /*The maximum line height required by the font*/
    .base_line = 5,             /*Baseline measured from the bottom of the line*/
#if !(LVGL_VERSION_MAJOR == 6 && LVGL_VERSION_MINOR == 0)
    .subpx = LV_FONT_SUBPX_NONE,
#endif
#if LV_VERSION_CHECK(7, 4, 0) || LVGL_VERSION_MAJOR >= 8
    .underline_position = -1,
    .underline_thickness = 1,
#endif
    .static_bitmap = 0,
    .dsc = &font_dsc,          /*The custom font data. Will be accessed by `get_glyph_bitmap/dsc` */
#if LV_VERSION_CHECK(8, 2, 0) || LVGL_VERSION_MAJOR >= 9
    .fallback = &exo2_20,
#endif
    .user_data = NULL,
};



#endif /*#if EXO2_20*/
